--
-- PostgreSQL database dump
--

-- Dumped from database version 14.7
-- Dumped by pg_dump version 14.1

-- Started on 2023-05-28 23:35:38

SET statement_timeout = 0;
SET lock_timeout = 0;
SET idle_in_transaction_session_timeout = 0;
SET client_encoding = 'UTF8';
SET standard_conforming_strings = on;
SELECT pg_catalog.set_config('search_path', '', false);
SET check_function_bodies = false;
SET xmloption = content;
SET client_min_messages = warning;
SET row_security = off;

SET default_tablespace = '';

SET default_table_access_method = heap;

--
-- TOC entry 275 (class 1259 OID 16998)
-- Name: basic_test_statuses; Type: TABLE; Schema: public; Owner: hack_db_3kwr_user
--

CREATE TABLE public.basic_test_statuses (
    id integer NOT NULL,
    name character varying(255) NOT NULL
);


ALTER TABLE public.basic_test_statuses OWNER TO hack_db_3kwr_user;

--
-- TOC entry 274 (class 1259 OID 16997)
-- Name: basic_test_statuses_id_seq; Type: SEQUENCE; Schema: public; Owner: hack_db_3kwr_user
--

CREATE SEQUENCE public.basic_test_statuses_id_seq
    AS integer
    START WITH 1
    INCREMENT BY 1
    NO MINVALUE
    NO MAXVALUE
    CACHE 1;


ALTER TABLE public.basic_test_statuses_id_seq OWNER TO hack_db_3kwr_user;

--
-- TOC entry 3707 (class 0 OID 0)
-- Dependencies: 274
-- Name: basic_test_statuses_id_seq; Type: SEQUENCE OWNED BY; Schema: public; Owner: hack_db_3kwr_user
--

ALTER SEQUENCE public.basic_test_statuses_id_seq OWNED BY public.basic_test_statuses.id;


--
-- TOC entry 285 (class 1259 OID 17048)
-- Name: basic_tests; Type: TABLE; Schema: public; Owner: hack_db_3kwr_user
--

CREATE TABLE public.basic_tests (
    id integer NOT NULL,
    basic_test_status_id integer,
    type_basic_test_id integer,
    passed boolean,
    value integer,
    begin timestamp without time zone NOT NULL,
    "end" timestamp without time zone NOT NULL,
    intern_id integer
);


ALTER TABLE public.basic_tests OWNER TO hack_db_3kwr_user;

--
-- TOC entry 284 (class 1259 OID 17047)
-- Name: basic_tests_id_seq; Type: SEQUENCE; Schema: public; Owner: hack_db_3kwr_user
--

CREATE SEQUENCE public.basic_tests_id_seq
    AS integer
    START WITH 1
    INCREMENT BY 1
    NO MINVALUE
    NO MAXVALUE
    CACHE 1;


ALTER TABLE public.basic_tests_id_seq OWNER TO hack_db_3kwr_user;

--
-- TOC entry 3708 (class 0 OID 0)
-- Dependencies: 284
-- Name: basic_tests_id_seq; Type: SEQUENCE OWNED BY; Schema: public; Owner: hack_db_3kwr_user
--

ALTER SEQUENCE public.basic_tests_id_seq OWNED BY public.basic_tests.id;


--
-- TOC entry 231 (class 1259 OID 16626)
-- Name: branchs; Type: TABLE; Schema: public; Owner: hack_db_3kwr_user
--

CREATE TABLE public.branchs (
    id integer NOT NULL,
    name character varying(255) NOT NULL
);


ALTER TABLE public.branchs OWNER TO hack_db_3kwr_user;

--
-- TOC entry 230 (class 1259 OID 16625)
-- Name: branchs_id_seq; Type: SEQUENCE; Schema: public; Owner: hack_db_3kwr_user
--

CREATE SEQUENCE public.branchs_id_seq
    AS integer
    START WITH 1
    INCREMENT BY 1
    NO MINVALUE
    NO MAXVALUE
    CACHE 1;


ALTER TABLE public.branchs_id_seq OWNER TO hack_db_3kwr_user;

--
-- TOC entry 3709 (class 0 OID 0)
-- Dependencies: 230
-- Name: branchs_id_seq; Type: SEQUENCE OWNED BY; Schema: public; Owner: hack_db_3kwr_user
--

ALTER SEQUENCE public.branchs_id_seq OWNED BY public.branchs.id;


--
-- TOC entry 287 (class 1259 OID 17070)
-- Name: championships; Type: TABLE; Schema: public; Owner: hack_db_3kwr_user
--

CREATE TABLE public.championships (
    id integer NOT NULL,
    value integer,
    comment text,
    selection_id integer,
    passed boolean
);


ALTER TABLE public.championships OWNER TO hack_db_3kwr_user;

--
-- TOC entry 286 (class 1259 OID 17069)
-- Name: championships_id_seq; Type: SEQUENCE; Schema: public; Owner: hack_db_3kwr_user
--

CREATE SEQUENCE public.championships_id_seq
    AS integer
    START WITH 1
    INCREMENT BY 1
    NO MINVALUE
    NO MAXVALUE
    CACHE 1;


ALTER TABLE public.championships_id_seq OWNER TO hack_db_3kwr_user;

--
-- TOC entry 3710 (class 0 OID 0)
-- Dependencies: 286
-- Name: championships_id_seq; Type: SEQUENCE OWNED BY; Schema: public; Owner: hack_db_3kwr_user
--

ALTER SEQUENCE public.championships_id_seq OWNED BY public.championships.id;


--
-- TOC entry 225 (class 1259 OID 16544)
-- Name: cities; Type: TABLE; Schema: public; Owner: hack_db_3kwr_user
--

CREATE TABLE public.cities (
    id integer NOT NULL,
    name character varying(255) NOT NULL,
    region_id integer
);


ALTER TABLE public.cities OWNER TO hack_db_3kwr_user;

--
-- TOC entry 224 (class 1259 OID 16543)
-- Name: cities_id_seq; Type: SEQUENCE; Schema: public; Owner: hack_db_3kwr_user
--

CREATE SEQUENCE public.cities_id_seq
    AS integer
    START WITH 1
    INCREMENT BY 1
    NO MINVALUE
    NO MAXVALUE
    CACHE 1;


ALTER TABLE public.cities_id_seq OWNER TO hack_db_3kwr_user;

--
-- TOC entry 3711 (class 0 OID 0)
-- Dependencies: 224
-- Name: cities_id_seq; Type: SEQUENCE OWNED BY; Schema: public; Owner: hack_db_3kwr_user
--

ALTER SEQUENCE public.cities_id_seq OWNED BY public.cities.id;


--
-- TOC entry 213 (class 1259 OID 16502)
-- Name: citizenships; Type: TABLE; Schema: public; Owner: hack_db_3kwr_user
--

CREATE TABLE public.citizenships (
    id integer NOT NULL,
    name character varying(255) NOT NULL
);


ALTER TABLE public.citizenships OWNER TO hack_db_3kwr_user;

--
-- TOC entry 212 (class 1259 OID 16501)
-- Name: citizenships_id_seq; Type: SEQUENCE; Schema: public; Owner: hack_db_3kwr_user
--

CREATE SEQUENCE public.citizenships_id_seq
    AS integer
    START WITH 1
    INCREMENT BY 1
    NO MINVALUE
    NO MAXVALUE
    CACHE 1;


ALTER TABLE public.citizenships_id_seq OWNER TO hack_db_3kwr_user;

--
-- TOC entry 3712 (class 0 OID 0)
-- Dependencies: 212
-- Name: citizenships_id_seq; Type: SEQUENCE OWNED BY; Schema: public; Owner: hack_db_3kwr_user
--

ALTER SEQUENCE public.citizenships_id_seq OWNED BY public.citizenships.id;


--
-- TOC entry 260 (class 1259 OID 16855)
-- Name: conditions; Type: TABLE; Schema: public; Owner: hack_db_3kwr_user
--

CREATE TABLE public.conditions (
    id integer NOT NULL,
    name character varying(255) NOT NULL,
    vacancy_id integer
);


ALTER TABLE public.conditions OWNER TO hack_db_3kwr_user;

--
-- TOC entry 259 (class 1259 OID 16854)
-- Name: conditions_id_seq; Type: SEQUENCE; Schema: public; Owner: hack_db_3kwr_user
--

CREATE SEQUENCE public.conditions_id_seq
    AS integer
    START WITH 1
    INCREMENT BY 1
    NO MINVALUE
    NO MAXVALUE
    CACHE 1;


ALTER TABLE public.conditions_id_seq OWNER TO hack_db_3kwr_user;

--
-- TOC entry 3713 (class 0 OID 0)
-- Dependencies: 259
-- Name: conditions_id_seq; Type: SEQUENCE OWNED BY; Schema: public; Owner: hack_db_3kwr_user
--

ALTER SEQUENCE public.conditions_id_seq OWNED BY public.conditions.id;


--
-- TOC entry 217 (class 1259 OID 16516)
-- Name: courses; Type: TABLE; Schema: public; Owner: hack_db_3kwr_user
--

CREATE TABLE public.courses (
    id integer NOT NULL,
    name character varying(255) NOT NULL
);


ALTER TABLE public.courses OWNER TO hack_db_3kwr_user;

--
-- TOC entry 216 (class 1259 OID 16515)
-- Name: courses_id_seq; Type: SEQUENCE; Schema: public; Owner: hack_db_3kwr_user
--

CREATE SEQUENCE public.courses_id_seq
    AS integer
    START WITH 1
    INCREMENT BY 1
    NO MINVALUE
    NO MAXVALUE
    CACHE 1;


ALTER TABLE public.courses_id_seq OWNER TO hack_db_3kwr_user;

--
-- TOC entry 3714 (class 0 OID 0)
-- Dependencies: 216
-- Name: courses_id_seq; Type: SEQUENCE OWNED BY; Schema: public; Owner: hack_db_3kwr_user
--

ALTER SEQUENCE public.courses_id_seq OWNED BY public.courses.id;


--
-- TOC entry 248 (class 1259 OID 16707)
-- Name: curators; Type: TABLE; Schema: public; Owner: hack_db_3kwr_user
--

CREATE TABLE public.curators (
    id integer NOT NULL,
    training_direction_id integer
);


ALTER TABLE public.curators OWNER TO hack_db_3kwr_user;

--
-- TOC entry 219 (class 1259 OID 16523)
-- Name: directions; Type: TABLE; Schema: public; Owner: hack_db_3kwr_user
--

CREATE TABLE public.directions (
    id integer NOT NULL,
    name character varying(255) NOT NULL
);


ALTER TABLE public.directions OWNER TO hack_db_3kwr_user;

--
-- TOC entry 218 (class 1259 OID 16522)
-- Name: directions_id_seq; Type: SEQUENCE; Schema: public; Owner: hack_db_3kwr_user
--

CREATE SEQUENCE public.directions_id_seq
    AS integer
    START WITH 1
    INCREMENT BY 1
    NO MINVALUE
    NO MAXVALUE
    CACHE 1;


ALTER TABLE public.directions_id_seq OWNER TO hack_db_3kwr_user;

--
-- TOC entry 3715 (class 0 OID 0)
-- Dependencies: 218
-- Name: directions_id_seq; Type: SEQUENCE OWNED BY; Schema: public; Owner: hack_db_3kwr_user
--

ALTER SEQUENCE public.directions_id_seq OWNED BY public.directions.id;


--
-- TOC entry 262 (class 1259 OID 16867)
-- Name: duties; Type: TABLE; Schema: public; Owner: hack_db_3kwr_user
--

CREATE TABLE public.duties (
    id integer NOT NULL,
    name character varying(255) NOT NULL,
    vacancy_id integer
);


ALTER TABLE public.duties OWNER TO hack_db_3kwr_user;

--
-- TOC entry 261 (class 1259 OID 16866)
-- Name: duties_id_seq; Type: SEQUENCE; Schema: public; Owner: hack_db_3kwr_user
--

CREATE SEQUENCE public.duties_id_seq
    AS integer
    START WITH 1
    INCREMENT BY 1
    NO MINVALUE
    NO MAXVALUE
    CACHE 1;


ALTER TABLE public.duties_id_seq OWNER TO hack_db_3kwr_user;

--
-- TOC entry 3716 (class 0 OID 0)
-- Dependencies: 261
-- Name: duties_id_seq; Type: SEQUENCE OWNED BY; Schema: public; Owner: hack_db_3kwr_user
--

ALTER SEQUENCE public.duties_id_seq OWNED BY public.duties.id;


--
-- TOC entry 233 (class 1259 OID 16633)
-- Name: employment_types; Type: TABLE; Schema: public; Owner: hack_db_3kwr_user
--

CREATE TABLE public.employment_types (
    id integer NOT NULL,
    name character varying(255) NOT NULL
);


ALTER TABLE public.employment_types OWNER TO hack_db_3kwr_user;

--
-- TOC entry 232 (class 1259 OID 16632)
-- Name: employment_types_id_seq; Type: SEQUENCE; Schema: public; Owner: hack_db_3kwr_user
--

CREATE SEQUENCE public.employment_types_id_seq
    AS integer
    START WITH 1
    INCREMENT BY 1
    NO MINVALUE
    NO MAXVALUE
    CACHE 1;


ALTER TABLE public.employment_types_id_seq OWNER TO hack_db_3kwr_user;

--
-- TOC entry 3717 (class 0 OID 0)
-- Dependencies: 232
-- Name: employment_types_id_seq; Type: SEQUENCE OWNED BY; Schema: public; Owner: hack_db_3kwr_user
--

ALTER SEQUENCE public.employment_types_id_seq OWNED BY public.employment_types.id;


--
-- TOC entry 250 (class 1259 OID 16723)
-- Name: events; Type: TABLE; Schema: public; Owner: hack_db_3kwr_user
--

CREATE TABLE public.events (
    id integer NOT NULL,
    name character varying(255) NOT NULL,
    description text NOT NULL,
    date timestamp without time zone NOT NULL,
    speaker_id integer
);


ALTER TABLE public.events OWNER TO hack_db_3kwr_user;

--
-- TOC entry 249 (class 1259 OID 16722)
-- Name: events_id_seq; Type: SEQUENCE; Schema: public; Owner: hack_db_3kwr_user
--

CREATE SEQUENCE public.events_id_seq
    AS integer
    START WITH 1
    INCREMENT BY 1
    NO MINVALUE
    NO MAXVALUE
    CACHE 1;


ALTER TABLE public.events_id_seq OWNER TO hack_db_3kwr_user;

--
-- TOC entry 3718 (class 0 OID 0)
-- Dependencies: 249
-- Name: events_id_seq; Type: SEQUENCE OWNED BY; Schema: public; Owner: hack_db_3kwr_user
--

ALTER SEQUENCE public.events_id_seq OWNED BY public.events.id;


--
-- TOC entry 268 (class 1259 OID 16918)
-- Name: history_work_experiences; Type: TABLE; Schema: public; Owner: hack_db_3kwr_user
--

CREATE TABLE public.history_work_experiences (
    id integer NOT NULL,
    organization character varying(255) NOT NULL,
    post character varying(255) NOT NULL,
    year_begin integer NOT NULL,
    year_end integer NOT NULL,
    intern_id integer
);


ALTER TABLE public.history_work_experiences OWNER TO hack_db_3kwr_user;

--
-- TOC entry 267 (class 1259 OID 16917)
-- Name: history_work_experiences_id_seq; Type: SEQUENCE; Schema: public; Owner: hack_db_3kwr_user
--

CREATE SEQUENCE public.history_work_experiences_id_seq
    AS integer
    START WITH 1
    INCREMENT BY 1
    NO MINVALUE
    NO MAXVALUE
    CACHE 1;


ALTER TABLE public.history_work_experiences_id_seq OWNER TO hack_db_3kwr_user;

--
-- TOC entry 3719 (class 0 OID 0)
-- Dependencies: 267
-- Name: history_work_experiences_id_seq; Type: SEQUENCE OWNED BY; Schema: public; Owner: hack_db_3kwr_user
--

ALTER SEQUENCE public.history_work_experiences_id_seq OWNED BY public.history_work_experiences.id;


--
-- TOC entry 252 (class 1259 OID 16751)
-- Name: hrs; Type: TABLE; Schema: public; Owner: hack_db_3kwr_user
--

CREATE TABLE public.hrs (
    id integer NOT NULL,
    organization_id integer
);


ALTER TABLE public.hrs OWNER TO hack_db_3kwr_user;

--
-- TOC entry 229 (class 1259 OID 16589)
-- Name: interns; Type: TABLE; Schema: public; Owner: hack_db_3kwr_user
--

CREATE TABLE public.interns (
    id integer NOT NULL,
    university_id integer,
    course_id integer,
    direction_id integer,
    internship_status_id integer,
    training_direction_id integer,
    volunteering boolean,
    about_me text,
    branch_id integer,
    github character varying(255),
    vk character varying(255),
    portfolio character varying(255),
    url_portfolio character varying(255),
    organizations character varying(255),
    work_experience_id integer,
    organization_id integer
);


ALTER TABLE public.interns OWNER TO hack_db_3kwr_user;

--
-- TOC entry 221 (class 1259 OID 16530)
-- Name: internship_statuses; Type: TABLE; Schema: public; Owner: hack_db_3kwr_user
--

CREATE TABLE public.internship_statuses (
    id integer NOT NULL,
    name character varying(255) NOT NULL
);


ALTER TABLE public.internship_statuses OWNER TO hack_db_3kwr_user;

--
-- TOC entry 220 (class 1259 OID 16529)
-- Name: internship_statuses_id_seq; Type: SEQUENCE; Schema: public; Owner: hack_db_3kwr_user
--

CREATE SEQUENCE public.internship_statuses_id_seq
    AS integer
    START WITH 1
    INCREMENT BY 1
    NO MINVALUE
    NO MAXVALUE
    CACHE 1;


ALTER TABLE public.internship_statuses_id_seq OWNER TO hack_db_3kwr_user;

--
-- TOC entry 3720 (class 0 OID 0)
-- Dependencies: 220
-- Name: internship_statuses_id_seq; Type: SEQUENCE OWNED BY; Schema: public; Owner: hack_db_3kwr_user
--

ALTER SEQUENCE public.internship_statuses_id_seq OWNED BY public.internship_statuses.id;


--
-- TOC entry 295 (class 1259 OID 17124)
-- Name: interviews; Type: TABLE; Schema: public; Owner: hack_db_3kwr_user
--

CREATE TABLE public.interviews (
    id integer NOT NULL,
    comment text,
    name text NOT NULL,
    answer text,
    value integer,
    type_interview_id integer,
    selection_id integer,
    mentor_id integer,
    passed boolean,
    date timestamp without time zone NOT NULL
);


ALTER TABLE public.interviews OWNER TO hack_db_3kwr_user;

--
-- TOC entry 294 (class 1259 OID 17123)
-- Name: interviews_id_seq; Type: SEQUENCE; Schema: public; Owner: hack_db_3kwr_user
--

CREATE SEQUENCE public.interviews_id_seq
    AS integer
    START WITH 1
    INCREMENT BY 1
    NO MINVALUE
    NO MAXVALUE
    CACHE 1;


ALTER TABLE public.interviews_id_seq OWNER TO hack_db_3kwr_user;

--
-- TOC entry 3721 (class 0 OID 0)
-- Dependencies: 294
-- Name: interviews_id_seq; Type: SEQUENCE OWNED BY; Schema: public; Owner: hack_db_3kwr_user
--

ALTER SEQUENCE public.interviews_id_seq OWNED BY public.interviews.id;


--
-- TOC entry 305 (class 1259 OID 17328)
-- Name: invations; Type: TABLE; Schema: public; Owner: hack_db_3kwr_user
--

CREATE TABLE public.invations (
    code character varying(255) NOT NULL,
    email character varying(255) NOT NULL,
    role_id integer,
    created timestamp without time zone NOT NULL
);


ALTER TABLE public.invations OWNER TO hack_db_3kwr_user;

--
-- TOC entry 273 (class 1259 OID 16967)
-- Name: language_interns; Type: TABLE; Schema: public; Owner: hack_db_3kwr_user
--

CREATE TABLE public.language_interns (
    language_id integer NOT NULL,
    intern_id integer NOT NULL
);


ALTER TABLE public.language_interns OWNER TO hack_db_3kwr_user;

--
-- TOC entry 272 (class 1259 OID 16961)
-- Name: languages; Type: TABLE; Schema: public; Owner: hack_db_3kwr_user
--

CREATE TABLE public.languages (
    id integer NOT NULL,
    name character varying(255) NOT NULL
);


ALTER TABLE public.languages OWNER TO hack_db_3kwr_user;

--
-- TOC entry 271 (class 1259 OID 16960)
-- Name: languages_id_seq; Type: SEQUENCE; Schema: public; Owner: hack_db_3kwr_user
--

CREATE SEQUENCE public.languages_id_seq
    AS integer
    START WITH 1
    INCREMENT BY 1
    NO MINVALUE
    NO MAXVALUE
    CACHE 1;


ALTER TABLE public.languages_id_seq OWNER TO hack_db_3kwr_user;

--
-- TOC entry 3722 (class 0 OID 0)
-- Dependencies: 271
-- Name: languages_id_seq; Type: SEQUENCE OWNED BY; Schema: public; Owner: hack_db_3kwr_user
--

ALTER SEQUENCE public.languages_id_seq OWNED BY public.languages.id;


--
-- TOC entry 298 (class 1259 OID 17197)
-- Name: mentor_reviews; Type: TABLE; Schema: public; Owner: hack_db_3kwr_user
--

CREATE TABLE public.mentor_reviews (
    id integer NOT NULL,
    text text NOT NULL,
    value integer NOT NULL,
    mentor_id integer,
    intern_id integer
);


ALTER TABLE public.mentor_reviews OWNER TO hack_db_3kwr_user;

--
-- TOC entry 297 (class 1259 OID 17196)
-- Name: mentor_reviews_id_seq; Type: SEQUENCE; Schema: public; Owner: hack_db_3kwr_user
--

CREATE SEQUENCE public.mentor_reviews_id_seq
    AS integer
    START WITH 1
    INCREMENT BY 1
    NO MINVALUE
    NO MAXVALUE
    CACHE 1;


ALTER TABLE public.mentor_reviews_id_seq OWNER TO hack_db_3kwr_user;

--
-- TOC entry 3723 (class 0 OID 0)
-- Dependencies: 297
-- Name: mentor_reviews_id_seq; Type: SEQUENCE OWNED BY; Schema: public; Owner: hack_db_3kwr_user
--

ALTER SEQUENCE public.mentor_reviews_id_seq OWNED BY public.mentor_reviews.id;


--
-- TOC entry 253 (class 1259 OID 16766)
-- Name: mentors; Type: TABLE; Schema: public; Owner: hack_db_3kwr_user
--

CREATE TABLE public.mentors (
    id integer NOT NULL,
    organization_id integer
);


ALTER TABLE public.mentors OWNER TO hack_db_3kwr_user;

--
-- TOC entry 270 (class 1259 OID 16932)
-- Name: metros; Type: TABLE; Schema: public; Owner: hack_db_3kwr_user
--

CREATE TABLE public.metros (
    id integer NOT NULL,
    name character varying(255) NOT NULL
);


ALTER TABLE public.metros OWNER TO hack_db_3kwr_user;

--
-- TOC entry 269 (class 1259 OID 16931)
-- Name: metros_id_seq; Type: SEQUENCE; Schema: public; Owner: hack_db_3kwr_user
--

CREATE SEQUENCE public.metros_id_seq
    AS integer
    START WITH 1
    INCREMENT BY 1
    NO MINVALUE
    NO MAXVALUE
    CACHE 1;


ALTER TABLE public.metros_id_seq OWNER TO hack_db_3kwr_user;

--
-- TOC entry 3724 (class 0 OID 0)
-- Dependencies: 269
-- Name: metros_id_seq; Type: SEQUENCE OWNED BY; Schema: public; Owner: hack_db_3kwr_user
--

ALTER SEQUENCE public.metros_id_seq OWNED BY public.metros.id;


--
-- TOC entry 255 (class 1259 OID 16782)
-- Name: organization_reviews; Type: TABLE; Schema: public; Owner: hack_db_3kwr_user
--

CREATE TABLE public.organization_reviews (
    id integer NOT NULL,
    text text NOT NULL,
    value integer NOT NULL,
    organization_id integer,
    intern_id integer
);


ALTER TABLE public.organization_reviews OWNER TO hack_db_3kwr_user;

--
-- TOC entry 254 (class 1259 OID 16781)
-- Name: organization_reviews_id_seq; Type: SEQUENCE; Schema: public; Owner: hack_db_3kwr_user
--

CREATE SEQUENCE public.organization_reviews_id_seq
    AS integer
    START WITH 1
    INCREMENT BY 1
    NO MINVALUE
    NO MAXVALUE
    CACHE 1;


ALTER TABLE public.organization_reviews_id_seq OWNER TO hack_db_3kwr_user;

--
-- TOC entry 3725 (class 0 OID 0)
-- Dependencies: 254
-- Name: organization_reviews_id_seq; Type: SEQUENCE OWNED BY; Schema: public; Owner: hack_db_3kwr_user
--

ALTER SEQUENCE public.organization_reviews_id_seq OWNED BY public.organization_reviews.id;


--
-- TOC entry 235 (class 1259 OID 16640)
-- Name: organization_types; Type: TABLE; Schema: public; Owner: hack_db_3kwr_user
--

CREATE TABLE public.organization_types (
    id integer NOT NULL,
    name character varying(255) NOT NULL
);


ALTER TABLE public.organization_types OWNER TO hack_db_3kwr_user;

--
-- TOC entry 234 (class 1259 OID 16639)
-- Name: organization_types_id_seq; Type: SEQUENCE; Schema: public; Owner: hack_db_3kwr_user
--

CREATE SEQUENCE public.organization_types_id_seq
    AS integer
    START WITH 1
    INCREMENT BY 1
    NO MINVALUE
    NO MAXVALUE
    CACHE 1;


ALTER TABLE public.organization_types_id_seq OWNER TO hack_db_3kwr_user;

--
-- TOC entry 3726 (class 0 OID 0)
-- Dependencies: 234
-- Name: organization_types_id_seq; Type: SEQUENCE OWNED BY; Schema: public; Owner: hack_db_3kwr_user
--

ALTER SEQUENCE public.organization_types_id_seq OWNED BY public.organization_types.id;


--
-- TOC entry 247 (class 1259 OID 16684)
-- Name: organizations; Type: TABLE; Schema: public; Owner: hack_db_3kwr_user
--

CREATE TABLE public.organizations (
    id integer NOT NULL,
    name character varying(100) NOT NULL,
    description text,
    img text,
    address character varying(255) NOT NULL,
    latitude double precision,
    longitude double precision,
    email character varying(50) NOT NULL,
    phone character varying(20) NOT NULL,
    training_direction_id integer,
    branch_id integer,
    type_id integer
);


ALTER TABLE public.organizations OWNER TO hack_db_3kwr_user;

--
-- TOC entry 246 (class 1259 OID 16683)
-- Name: organizations_id_seq; Type: SEQUENCE; Schema: public; Owner: hack_db_3kwr_user
--

CREATE SEQUENCE public.organizations_id_seq
    AS integer
    START WITH 1
    INCREMENT BY 1
    NO MINVALUE
    NO MAXVALUE
    CACHE 1;


ALTER TABLE public.organizations_id_seq OWNER TO hack_db_3kwr_user;

--
-- TOC entry 3727 (class 0 OID 0)
-- Dependencies: 246
-- Name: organizations_id_seq; Type: SEQUENCE OWNED BY; Schema: public; Owner: hack_db_3kwr_user
--

ALTER SEQUENCE public.organizations_id_seq OWNED BY public.organizations.id;


--
-- TOC entry 211 (class 1259 OID 16469)
-- Name: permissions; Type: TABLE; Schema: public; Owner: hack_db_3kwr_user
--

CREATE TABLE public.permissions (
    role_id integer NOT NULL,
    url character varying(20) NOT NULL,
    type character varying(6) NOT NULL
);


ALTER TABLE public.permissions OWNER TO hack_db_3kwr_user;

--
-- TOC entry 304 (class 1259 OID 17292)
-- Name: presences; Type: TABLE; Schema: public; Owner: hack_db_3kwr_user
--

CREATE TABLE public.presences (
    id integer NOT NULL,
    intern_id integer,
    vacancy_id integer,
    mentor_id integer,
    status character varying(30),
    date timestamp without time zone,
    hour integer
);


ALTER TABLE public.presences OWNER TO hack_db_3kwr_user;

--
-- TOC entry 303 (class 1259 OID 17291)
-- Name: presences_id_seq; Type: SEQUENCE; Schema: public; Owner: hack_db_3kwr_user
--

CREATE SEQUENCE public.presences_id_seq
    AS integer
    START WITH 1
    INCREMENT BY 1
    NO MINVALUE
    NO MAXVALUE
    CACHE 1;


ALTER TABLE public.presences_id_seq OWNER TO hack_db_3kwr_user;

--
-- TOC entry 3728 (class 0 OID 0)
-- Dependencies: 303
-- Name: presences_id_seq; Type: SEQUENCE OWNED BY; Schema: public; Owner: hack_db_3kwr_user
--

ALTER SEQUENCE public.presences_id_seq OWNED BY public.presences.id;


--
-- TOC entry 228 (class 1259 OID 16579)
-- Name: recoveries; Type: TABLE; Schema: public; Owner: hack_db_3kwr_user
--

CREATE TABLE public.recoveries (
    code character varying(255) NOT NULL,
    user_id integer,
    created timestamp without time zone NOT NULL
);


ALTER TABLE public.recoveries OWNER TO hack_db_3kwr_user;

--
-- TOC entry 215 (class 1259 OID 16509)
-- Name: regions; Type: TABLE; Schema: public; Owner: hack_db_3kwr_user
--

CREATE TABLE public.regions (
    id integer NOT NULL,
    name character varying(255) NOT NULL
);


ALTER TABLE public.regions OWNER TO hack_db_3kwr_user;

--
-- TOC entry 214 (class 1259 OID 16508)
-- Name: regions_id_seq; Type: SEQUENCE; Schema: public; Owner: hack_db_3kwr_user
--

CREATE SEQUENCE public.regions_id_seq
    AS integer
    START WITH 1
    INCREMENT BY 1
    NO MINVALUE
    NO MAXVALUE
    CACHE 1;


ALTER TABLE public.regions_id_seq OWNER TO hack_db_3kwr_user;

--
-- TOC entry 3729 (class 0 OID 0)
-- Dependencies: 214
-- Name: regions_id_seq; Type: SEQUENCE OWNED BY; Schema: public; Owner: hack_db_3kwr_user
--

ALTER SEQUENCE public.regions_id_seq OWNED BY public.regions.id;


--
-- TOC entry 264 (class 1259 OID 16879)
-- Name: requirements; Type: TABLE; Schema: public; Owner: hack_db_3kwr_user
--

CREATE TABLE public.requirements (
    id integer NOT NULL,
    name character varying(255) NOT NULL,
    vacancy_id integer
);


ALTER TABLE public.requirements OWNER TO hack_db_3kwr_user;

--
-- TOC entry 263 (class 1259 OID 16878)
-- Name: requirements_id_seq; Type: SEQUENCE; Schema: public; Owner: hack_db_3kwr_user
--

CREATE SEQUENCE public.requirements_id_seq
    AS integer
    START WITH 1
    INCREMENT BY 1
    NO MINVALUE
    NO MAXVALUE
    CACHE 1;


ALTER TABLE public.requirements_id_seq OWNER TO hack_db_3kwr_user;

--
-- TOC entry 3730 (class 0 OID 0)
-- Dependencies: 263
-- Name: requirements_id_seq; Type: SEQUENCE OWNED BY; Schema: public; Owner: hack_db_3kwr_user
--

ALTER SEQUENCE public.requirements_id_seq OWNED BY public.requirements.id;


--
-- TOC entry 281 (class 1259 OID 17019)
-- Name: response_statuses; Type: TABLE; Schema: public; Owner: hack_db_3kwr_user
--

CREATE TABLE public.response_statuses (
    id integer NOT NULL,
    name character varying(255) NOT NULL
);


ALTER TABLE public.response_statuses OWNER TO hack_db_3kwr_user;

--
-- TOC entry 280 (class 1259 OID 17018)
-- Name: response_statuses_id_seq; Type: SEQUENCE; Schema: public; Owner: hack_db_3kwr_user
--

CREATE SEQUENCE public.response_statuses_id_seq
    AS integer
    START WITH 1
    INCREMENT BY 1
    NO MINVALUE
    NO MAXVALUE
    CACHE 1;


ALTER TABLE public.response_statuses_id_seq OWNER TO hack_db_3kwr_user;

--
-- TOC entry 3731 (class 0 OID 0)
-- Dependencies: 280
-- Name: response_statuses_id_seq; Type: SEQUENCE OWNED BY; Schema: public; Owner: hack_db_3kwr_user
--

ALTER SEQUENCE public.response_statuses_id_seq OWNED BY public.response_statuses.id;


--
-- TOC entry 291 (class 1259 OID 17098)
-- Name: responses; Type: TABLE; Schema: public; Owner: hack_db_3kwr_user
--

CREATE TABLE public.responses (
    id integer NOT NULL,
    comment text,
    response_status_id integer,
    selection_id integer,
    passed boolean DEFAULT false NOT NULL
);


ALTER TABLE public.responses OWNER TO hack_db_3kwr_user;

--
-- TOC entry 290 (class 1259 OID 17097)
-- Name: responses_id_seq; Type: SEQUENCE; Schema: public; Owner: hack_db_3kwr_user
--

CREATE SEQUENCE public.responses_id_seq
    AS integer
    START WITH 1
    INCREMENT BY 1
    NO MINVALUE
    NO MAXVALUE
    CACHE 1;


ALTER TABLE public.responses_id_seq OWNER TO hack_db_3kwr_user;

--
-- TOC entry 3732 (class 0 OID 0)
-- Dependencies: 290
-- Name: responses_id_seq; Type: SEQUENCE OWNED BY; Schema: public; Owner: hack_db_3kwr_user
--

ALTER SEQUENCE public.responses_id_seq OWNED BY public.responses.id;


--
-- TOC entry 210 (class 1259 OID 16395)
-- Name: roles; Type: TABLE; Schema: public; Owner: hack_db_3kwr_user
--

CREATE TABLE public.roles (
    id integer NOT NULL,
    name character varying(100) NOT NULL
);


ALTER TABLE public.roles OWNER TO hack_db_3kwr_user;

--
-- TOC entry 209 (class 1259 OID 16394)
-- Name: roles_id_seq; Type: SEQUENCE; Schema: public; Owner: hack_db_3kwr_user
--

CREATE SEQUENCE public.roles_id_seq
    AS integer
    START WITH 1
    INCREMENT BY 1
    NO MINVALUE
    NO MAXVALUE
    CACHE 1;


ALTER TABLE public.roles_id_seq OWNER TO hack_db_3kwr_user;

--
-- TOC entry 3733 (class 0 OID 0)
-- Dependencies: 209
-- Name: roles_id_seq; Type: SEQUENCE OWNED BY; Schema: public; Owner: hack_db_3kwr_user
--

ALTER SEQUENCE public.roles_id_seq OWNED BY public.roles.id;


--
-- TOC entry 289 (class 1259 OID 17084)
-- Name: scholls; Type: TABLE; Schema: public; Owner: hack_db_3kwr_user
--

CREATE TABLE public.scholls (
    id integer NOT NULL,
    value integer,
    comment text,
    passed boolean,
    intern_id integer
);


ALTER TABLE public.scholls OWNER TO hack_db_3kwr_user;

--
-- TOC entry 288 (class 1259 OID 17083)
-- Name: scholls_id_seq; Type: SEQUENCE; Schema: public; Owner: hack_db_3kwr_user
--

CREATE SEQUENCE public.scholls_id_seq
    AS integer
    START WITH 1
    INCREMENT BY 1
    NO MINVALUE
    NO MAXVALUE
    CACHE 1;


ALTER TABLE public.scholls_id_seq OWNER TO hack_db_3kwr_user;

--
-- TOC entry 3734 (class 0 OID 0)
-- Dependencies: 288
-- Name: scholls_id_seq; Type: SEQUENCE OWNED BY; Schema: public; Owner: hack_db_3kwr_user
--

ALTER SEQUENCE public.scholls_id_seq OWNED BY public.scholls.id;


--
-- TOC entry 296 (class 1259 OID 17168)
-- Name: selection_basic_tests; Type: TABLE; Schema: public; Owner: hack_db_3kwr_user
--

CREATE TABLE public.selection_basic_tests (
    basic_test_id integer NOT NULL,
    selection_id integer NOT NULL
);


ALTER TABLE public.selection_basic_tests OWNER TO hack_db_3kwr_user;

--
-- TOC entry 283 (class 1259 OID 17026)
-- Name: selections; Type: TABLE; Schema: public; Owner: hack_db_3kwr_user
--

CREATE TABLE public.selections (
    id integer NOT NULL,
    vacancy_id integer,
    stage_id integer,
    intern_id integer,
    school_id integer
);


ALTER TABLE public.selections OWNER TO hack_db_3kwr_user;

--
-- TOC entry 282 (class 1259 OID 17025)
-- Name: selections_id_seq; Type: SEQUENCE; Schema: public; Owner: hack_db_3kwr_user
--

CREATE SEQUENCE public.selections_id_seq
    AS integer
    START WITH 1
    INCREMENT BY 1
    NO MINVALUE
    NO MAXVALUE
    CACHE 1;


ALTER TABLE public.selections_id_seq OWNER TO hack_db_3kwr_user;

--
-- TOC entry 3735 (class 0 OID 0)
-- Dependencies: 282
-- Name: selections_id_seq; Type: SEQUENCE OWNED BY; Schema: public; Owner: hack_db_3kwr_user
--

ALTER SEQUENCE public.selections_id_seq OWNED BY public.selections.id;


--
-- TOC entry 251 (class 1259 OID 16736)
-- Name: skill_interns; Type: TABLE; Schema: public; Owner: hack_db_3kwr_user
--

CREATE TABLE public.skill_interns (
    skill_id integer NOT NULL,
    intern_id integer NOT NULL
);


ALTER TABLE public.skill_interns OWNER TO hack_db_3kwr_user;

--
-- TOC entry 258 (class 1259 OID 16839)
-- Name: skill_vacancies; Type: TABLE; Schema: public; Owner: hack_db_3kwr_user
--

CREATE TABLE public.skill_vacancies (
    skill_id integer NOT NULL,
    vacancy_id integer NOT NULL
);


ALTER TABLE public.skill_vacancies OWNER TO hack_db_3kwr_user;

--
-- TOC entry 245 (class 1259 OID 16677)
-- Name: skills; Type: TABLE; Schema: public; Owner: hack_db_3kwr_user
--

CREATE TABLE public.skills (
    id integer NOT NULL,
    name character varying(100) NOT NULL
);


ALTER TABLE public.skills OWNER TO hack_db_3kwr_user;

--
-- TOC entry 244 (class 1259 OID 16676)
-- Name: skills_id_seq; Type: SEQUENCE; Schema: public; Owner: hack_db_3kwr_user
--

CREATE SEQUENCE public.skills_id_seq
    AS integer
    START WITH 1
    INCREMENT BY 1
    NO MINVALUE
    NO MAXVALUE
    CACHE 1;


ALTER TABLE public.skills_id_seq OWNER TO hack_db_3kwr_user;

--
-- TOC entry 3736 (class 0 OID 0)
-- Dependencies: 244
-- Name: skills_id_seq; Type: SEQUENCE OWNED BY; Schema: public; Owner: hack_db_3kwr_user
--

ALTER SEQUENCE public.skills_id_seq OWNED BY public.skills.id;


--
-- TOC entry 243 (class 1259 OID 16668)
-- Name: speakers; Type: TABLE; Schema: public; Owner: hack_db_3kwr_user
--

CREATE TABLE public.speakers (
    id integer NOT NULL,
    email character varying(50) NOT NULL,
    password character varying(255) NOT NULL,
    firstname character varying(20) NOT NULL,
    lastname character varying(20) NOT NULL,
    patronymic character varying(20),
    img character varying(255)
);


ALTER TABLE public.speakers OWNER TO hack_db_3kwr_user;

--
-- TOC entry 242 (class 1259 OID 16667)
-- Name: speakers_id_seq; Type: SEQUENCE; Schema: public; Owner: hack_db_3kwr_user
--

CREATE SEQUENCE public.speakers_id_seq
    AS integer
    START WITH 1
    INCREMENT BY 1
    NO MINVALUE
    NO MAXVALUE
    CACHE 1;


ALTER TABLE public.speakers_id_seq OWNER TO hack_db_3kwr_user;

--
-- TOC entry 3737 (class 0 OID 0)
-- Dependencies: 242
-- Name: speakers_id_seq; Type: SEQUENCE OWNED BY; Schema: public; Owner: hack_db_3kwr_user
--

ALTER SEQUENCE public.speakers_id_seq OWNED BY public.speakers.id;


--
-- TOC entry 279 (class 1259 OID 17012)
-- Name: stages; Type: TABLE; Schema: public; Owner: hack_db_3kwr_user
--

CREATE TABLE public.stages (
    id integer NOT NULL,
    name character varying(255) NOT NULL
);


ALTER TABLE public.stages OWNER TO hack_db_3kwr_user;

--
-- TOC entry 278 (class 1259 OID 17011)
-- Name: stages_id_seq; Type: SEQUENCE; Schema: public; Owner: hack_db_3kwr_user
--

CREATE SEQUENCE public.stages_id_seq
    AS integer
    START WITH 1
    INCREMENT BY 1
    NO MINVALUE
    NO MAXVALUE
    CACHE 1;


ALTER TABLE public.stages_id_seq OWNER TO hack_db_3kwr_user;

--
-- TOC entry 3738 (class 0 OID 0)
-- Dependencies: 278
-- Name: stages_id_seq; Type: SEQUENCE OWNED BY; Schema: public; Owner: hack_db_3kwr_user
--

ALTER SEQUENCE public.stages_id_seq OWNED BY public.stages.id;


--
-- TOC entry 300 (class 1259 OID 17218)
-- Name: tasks; Type: TABLE; Schema: public; Owner: hack_db_3kwr_user
--

CREATE TABLE public.tasks (
    id integer NOT NULL,
    vacancy_id integer,
    training_direction_id integer,
    url_portfolio character varying(255),
    mentor_id integer
);


ALTER TABLE public.tasks OWNER TO hack_db_3kwr_user;

--
-- TOC entry 299 (class 1259 OID 17217)
-- Name: tasks_id_seq; Type: SEQUENCE; Schema: public; Owner: hack_db_3kwr_user
--

CREATE SEQUENCE public.tasks_id_seq
    AS integer
    START WITH 1
    INCREMENT BY 1
    NO MINVALUE
    NO MAXVALUE
    CACHE 1;


ALTER TABLE public.tasks_id_seq OWNER TO hack_db_3kwr_user;

--
-- TOC entry 3739 (class 0 OID 0)
-- Dependencies: 299
-- Name: tasks_id_seq; Type: SEQUENCE OWNED BY; Schema: public; Owner: hack_db_3kwr_user
--

ALTER SEQUENCE public.tasks_id_seq OWNED BY public.tasks.id;


--
-- TOC entry 237 (class 1259 OID 16647)
-- Name: training_directions; Type: TABLE; Schema: public; Owner: hack_db_3kwr_user
--

CREATE TABLE public.training_directions (
    id integer NOT NULL,
    name character varying(255) NOT NULL
);


ALTER TABLE public.training_directions OWNER TO hack_db_3kwr_user;

--
-- TOC entry 236 (class 1259 OID 16646)
-- Name: training_directions_id_seq; Type: SEQUENCE; Schema: public; Owner: hack_db_3kwr_user
--

CREATE SEQUENCE public.training_directions_id_seq
    AS integer
    START WITH 1
    INCREMENT BY 1
    NO MINVALUE
    NO MAXVALUE
    CACHE 1;


ALTER TABLE public.training_directions_id_seq OWNER TO hack_db_3kwr_user;

--
-- TOC entry 3740 (class 0 OID 0)
-- Dependencies: 236
-- Name: training_directions_id_seq; Type: SEQUENCE OWNED BY; Schema: public; Owner: hack_db_3kwr_user
--

ALTER SEQUENCE public.training_directions_id_seq OWNED BY public.training_directions.id;


--
-- TOC entry 277 (class 1259 OID 17005)
-- Name: type_basic_tests; Type: TABLE; Schema: public; Owner: hack_db_3kwr_user
--

CREATE TABLE public.type_basic_tests (
    id integer NOT NULL,
    name character varying(255) NOT NULL
);


ALTER TABLE public.type_basic_tests OWNER TO hack_db_3kwr_user;

--
-- TOC entry 276 (class 1259 OID 17004)
-- Name: type_basic_tests_id_seq; Type: SEQUENCE; Schema: public; Owner: hack_db_3kwr_user
--

CREATE SEQUENCE public.type_basic_tests_id_seq
    AS integer
    START WITH 1
    INCREMENT BY 1
    NO MINVALUE
    NO MAXVALUE
    CACHE 1;


ALTER TABLE public.type_basic_tests_id_seq OWNER TO hack_db_3kwr_user;

--
-- TOC entry 3741 (class 0 OID 0)
-- Dependencies: 276
-- Name: type_basic_tests_id_seq; Type: SEQUENCE OWNED BY; Schema: public; Owner: hack_db_3kwr_user
--

ALTER SEQUENCE public.type_basic_tests_id_seq OWNED BY public.type_basic_tests.id;


--
-- TOC entry 293 (class 1259 OID 17117)
-- Name: type_interviews; Type: TABLE; Schema: public; Owner: hack_db_3kwr_user
--

CREATE TABLE public.type_interviews (
    id integer NOT NULL,
    name character varying(255) NOT NULL
);


ALTER TABLE public.type_interviews OWNER TO hack_db_3kwr_user;

--
-- TOC entry 292 (class 1259 OID 17116)
-- Name: type_interviews_id_seq; Type: SEQUENCE; Schema: public; Owner: hack_db_3kwr_user
--

CREATE SEQUENCE public.type_interviews_id_seq
    AS integer
    START WITH 1
    INCREMENT BY 1
    NO MINVALUE
    NO MAXVALUE
    CACHE 1;


ALTER TABLE public.type_interviews_id_seq OWNER TO hack_db_3kwr_user;

--
-- TOC entry 3742 (class 0 OID 0)
-- Dependencies: 292
-- Name: type_interviews_id_seq; Type: SEQUENCE OWNED BY; Schema: public; Owner: hack_db_3kwr_user
--

ALTER SEQUENCE public.type_interviews_id_seq OWNED BY public.type_interviews.id;


--
-- TOC entry 223 (class 1259 OID 16537)
-- Name: universities; Type: TABLE; Schema: public; Owner: hack_db_3kwr_user
--

CREATE TABLE public.universities (
    id integer NOT NULL,
    name character varying(255) NOT NULL,
    city_id integer,
    sub character varying(100)
);


ALTER TABLE public.universities OWNER TO hack_db_3kwr_user;

--
-- TOC entry 222 (class 1259 OID 16536)
-- Name: universities_id_seq; Type: SEQUENCE; Schema: public; Owner: hack_db_3kwr_user
--

CREATE SEQUENCE public.universities_id_seq
    AS integer
    START WITH 1
    INCREMENT BY 1
    NO MINVALUE
    NO MAXVALUE
    CACHE 1;


ALTER TABLE public.universities_id_seq OWNER TO hack_db_3kwr_user;

--
-- TOC entry 3743 (class 0 OID 0)
-- Dependencies: 222
-- Name: universities_id_seq; Type: SEQUENCE OWNED BY; Schema: public; Owner: hack_db_3kwr_user
--

ALTER SEQUENCE public.universities_id_seq OWNED BY public.universities.id;


--
-- TOC entry 227 (class 1259 OID 16556)
-- Name: users; Type: TABLE; Schema: public; Owner: hack_db_3kwr_user
--

CREATE TABLE public.users (
    id integer NOT NULL,
    email character varying(50) NOT NULL,
    phone character varying(20) NOT NULL,
    password character varying(255) NOT NULL,
    firstname character varying(20) NOT NULL,
    lastname character varying(20) NOT NULL,
    patronymic character varying(20),
    birthdate timestamp without time zone NOT NULL,
    img character varying(255),
    role_id integer NOT NULL,
    city_id integer,
    citizenship_id integer,
    nickname character varying(255) NOT NULL,
    gender boolean,
    is_verified boolean DEFAULT false NOT NULL
);


ALTER TABLE public.users OWNER TO hack_db_3kwr_user;

--
-- TOC entry 226 (class 1259 OID 16555)
-- Name: users_id_seq; Type: SEQUENCE; Schema: public; Owner: hack_db_3kwr_user
--

CREATE SEQUENCE public.users_id_seq
    AS integer
    START WITH 1
    INCREMENT BY 1
    NO MINVALUE
    NO MAXVALUE
    CACHE 1;


ALTER TABLE public.users_id_seq OWNER TO hack_db_3kwr_user;

--
-- TOC entry 3744 (class 0 OID 0)
-- Dependencies: 226
-- Name: users_id_seq; Type: SEQUENCE OWNED BY; Schema: public; Owner: hack_db_3kwr_user
--

ALTER SEQUENCE public.users_id_seq OWNED BY public.users.id;


--
-- TOC entry 257 (class 1259 OID 16801)
-- Name: vacancies; Type: TABLE; Schema: public; Owner: hack_db_3kwr_user
--

CREATE TABLE public.vacancies (
    id integer NOT NULL,
    name character varying(100) NOT NULL,
    description text NOT NULL,
    min_salary integer DEFAULT 0 NOT NULL,
    max_salary integer DEFAULT 0 NOT NULL,
    date_begin timestamp without time zone NOT NULL,
    date_end timestamp without time zone NOT NULL,
    published boolean NOT NULL,
    work_schedule_id integer NOT NULL,
    organization_id integer NOT NULL,
    employment_type_id integer NOT NULL,
    hr_creater_id integer,
    mentor_id integer,
    work_experience_id integer NOT NULL,
    status_id integer NOT NULL,
    cnt_intern integer DEFAULT 0 NOT NULL
);


ALTER TABLE public.vacancies OWNER TO hack_db_3kwr_user;

--
-- TOC entry 256 (class 1259 OID 16800)
-- Name: vacancies_id_seq; Type: SEQUENCE; Schema: public; Owner: hack_db_3kwr_user
--

CREATE SEQUENCE public.vacancies_id_seq
    AS integer
    START WITH 1
    INCREMENT BY 1
    NO MINVALUE
    NO MAXVALUE
    CACHE 1;


ALTER TABLE public.vacancies_id_seq OWNER TO hack_db_3kwr_user;

--
-- TOC entry 3745 (class 0 OID 0)
-- Dependencies: 256
-- Name: vacancies_id_seq; Type: SEQUENCE OWNED BY; Schema: public; Owner: hack_db_3kwr_user
--

ALTER SEQUENCE public.vacancies_id_seq OWNED BY public.vacancies.id;


--
-- TOC entry 266 (class 1259 OID 16891)
-- Name: vacancy_reviews; Type: TABLE; Schema: public; Owner: hack_db_3kwr_user
--

CREATE TABLE public.vacancy_reviews (
    id integer NOT NULL,
    text text NOT NULL,
    value integer NOT NULL,
    vacancy_id integer,
    intern_id integer
);


ALTER TABLE public.vacancy_reviews OWNER TO hack_db_3kwr_user;

--
-- TOC entry 265 (class 1259 OID 16890)
-- Name: vacancy_reviews_id_seq; Type: SEQUENCE; Schema: public; Owner: hack_db_3kwr_user
--

CREATE SEQUENCE public.vacancy_reviews_id_seq
    AS integer
    START WITH 1
    INCREMENT BY 1
    NO MINVALUE
    NO MAXVALUE
    CACHE 1;


ALTER TABLE public.vacancy_reviews_id_seq OWNER TO hack_db_3kwr_user;

--
-- TOC entry 3746 (class 0 OID 0)
-- Dependencies: 265
-- Name: vacancy_reviews_id_seq; Type: SEQUENCE OWNED BY; Schema: public; Owner: hack_db_3kwr_user
--

ALTER SEQUENCE public.vacancy_reviews_id_seq OWNED BY public.vacancy_reviews.id;


--
-- TOC entry 302 (class 1259 OID 17240)
-- Name: vacancy_statuses; Type: TABLE; Schema: public; Owner: hack_db_3kwr_user
--

CREATE TABLE public.vacancy_statuses (
    id integer NOT NULL,
    name character varying(255) NOT NULL
);


ALTER TABLE public.vacancy_statuses OWNER TO hack_db_3kwr_user;

--
-- TOC entry 301 (class 1259 OID 17239)
-- Name: vacancy_statuses_id_seq; Type: SEQUENCE; Schema: public; Owner: hack_db_3kwr_user
--

CREATE SEQUENCE public.vacancy_statuses_id_seq
    AS integer
    START WITH 1
    INCREMENT BY 1
    NO MINVALUE
    NO MAXVALUE
    CACHE 1;


ALTER TABLE public.vacancy_statuses_id_seq OWNER TO hack_db_3kwr_user;

--
-- TOC entry 3747 (class 0 OID 0)
-- Dependencies: 301
-- Name: vacancy_statuses_id_seq; Type: SEQUENCE OWNED BY; Schema: public; Owner: hack_db_3kwr_user
--

ALTER SEQUENCE public.vacancy_statuses_id_seq OWNED BY public.vacancy_statuses.id;


--
-- TOC entry 239 (class 1259 OID 16654)
-- Name: work_experiences; Type: TABLE; Schema: public; Owner: hack_db_3kwr_user
--

CREATE TABLE public.work_experiences (
    id integer NOT NULL,
    name character varying(255) NOT NULL
);


ALTER TABLE public.work_experiences OWNER TO hack_db_3kwr_user;

--
-- TOC entry 238 (class 1259 OID 16653)
-- Name: work_experiences_id_seq; Type: SEQUENCE; Schema: public; Owner: hack_db_3kwr_user
--

CREATE SEQUENCE public.work_experiences_id_seq
    AS integer
    START WITH 1
    INCREMENT BY 1
    NO MINVALUE
    NO MAXVALUE
    CACHE 1;


ALTER TABLE public.work_experiences_id_seq OWNER TO hack_db_3kwr_user;

--
-- TOC entry 3748 (class 0 OID 0)
-- Dependencies: 238
-- Name: work_experiences_id_seq; Type: SEQUENCE OWNED BY; Schema: public; Owner: hack_db_3kwr_user
--

ALTER SEQUENCE public.work_experiences_id_seq OWNED BY public.work_experiences.id;


--
-- TOC entry 241 (class 1259 OID 16661)
-- Name: work_schedules; Type: TABLE; Schema: public; Owner: hack_db_3kwr_user
--

CREATE TABLE public.work_schedules (
    id integer NOT NULL,
    name character varying(255) NOT NULL
);


ALTER TABLE public.work_schedules OWNER TO hack_db_3kwr_user;

--
-- TOC entry 240 (class 1259 OID 16660)
-- Name: work_schedules_id_seq; Type: SEQUENCE; Schema: public; Owner: hack_db_3kwr_user
--

CREATE SEQUENCE public.work_schedules_id_seq
    AS integer
    START WITH 1
    INCREMENT BY 1
    NO MINVALUE
    NO MAXVALUE
    CACHE 1;


ALTER TABLE public.work_schedules_id_seq OWNER TO hack_db_3kwr_user;

--
-- TOC entry 3749 (class 0 OID 0)
-- Dependencies: 240
-- Name: work_schedules_id_seq; Type: SEQUENCE OWNED BY; Schema: public; Owner: hack_db_3kwr_user
--

ALTER SEQUENCE public.work_schedules_id_seq OWNED BY public.work_schedules.id;


--
-- TOC entry 3269 (class 2604 OID 17001)
-- Name: basic_test_statuses id; Type: DEFAULT; Schema: public; Owner: hack_db_3kwr_user
--

ALTER TABLE ONLY public.basic_test_statuses ALTER COLUMN id SET DEFAULT nextval('public.basic_test_statuses_id_seq'::regclass);


--
-- TOC entry 3274 (class 2604 OID 17051)
-- Name: basic_tests id; Type: DEFAULT; Schema: public; Owner: hack_db_3kwr_user
--

ALTER TABLE ONLY public.basic_tests ALTER COLUMN id SET DEFAULT nextval('public.basic_tests_id_seq'::regclass);


--
-- TOC entry 3247 (class 2604 OID 16629)
-- Name: branchs id; Type: DEFAULT; Schema: public; Owner: hack_db_3kwr_user
--

ALTER TABLE ONLY public.branchs ALTER COLUMN id SET DEFAULT nextval('public.branchs_id_seq'::regclass);


--
-- TOC entry 3275 (class 2604 OID 17073)
-- Name: championships id; Type: DEFAULT; Schema: public; Owner: hack_db_3kwr_user
--

ALTER TABLE ONLY public.championships ALTER COLUMN id SET DEFAULT nextval('public.championships_id_seq'::regclass);


--
-- TOC entry 3244 (class 2604 OID 16547)
-- Name: cities id; Type: DEFAULT; Schema: public; Owner: hack_db_3kwr_user
--

ALTER TABLE ONLY public.cities ALTER COLUMN id SET DEFAULT nextval('public.cities_id_seq'::regclass);


--
-- TOC entry 3238 (class 2604 OID 16505)
-- Name: citizenships id; Type: DEFAULT; Schema: public; Owner: hack_db_3kwr_user
--

ALTER TABLE ONLY public.citizenships ALTER COLUMN id SET DEFAULT nextval('public.citizenships_id_seq'::regclass);


--
-- TOC entry 3262 (class 2604 OID 16858)
-- Name: conditions id; Type: DEFAULT; Schema: public; Owner: hack_db_3kwr_user
--

ALTER TABLE ONLY public.conditions ALTER COLUMN id SET DEFAULT nextval('public.conditions_id_seq'::regclass);


--
-- TOC entry 3240 (class 2604 OID 16519)
-- Name: courses id; Type: DEFAULT; Schema: public; Owner: hack_db_3kwr_user
--

ALTER TABLE ONLY public.courses ALTER COLUMN id SET DEFAULT nextval('public.courses_id_seq'::regclass);


--
-- TOC entry 3241 (class 2604 OID 16526)
-- Name: directions id; Type: DEFAULT; Schema: public; Owner: hack_db_3kwr_user
--

ALTER TABLE ONLY public.directions ALTER COLUMN id SET DEFAULT nextval('public.directions_id_seq'::regclass);


--
-- TOC entry 3263 (class 2604 OID 16870)
-- Name: duties id; Type: DEFAULT; Schema: public; Owner: hack_db_3kwr_user
--

ALTER TABLE ONLY public.duties ALTER COLUMN id SET DEFAULT nextval('public.duties_id_seq'::regclass);


--
-- TOC entry 3248 (class 2604 OID 16636)
-- Name: employment_types id; Type: DEFAULT; Schema: public; Owner: hack_db_3kwr_user
--

ALTER TABLE ONLY public.employment_types ALTER COLUMN id SET DEFAULT nextval('public.employment_types_id_seq'::regclass);


--
-- TOC entry 3256 (class 2604 OID 16726)
-- Name: events id; Type: DEFAULT; Schema: public; Owner: hack_db_3kwr_user
--

ALTER TABLE ONLY public.events ALTER COLUMN id SET DEFAULT nextval('public.events_id_seq'::regclass);


--
-- TOC entry 3266 (class 2604 OID 16921)
-- Name: history_work_experiences id; Type: DEFAULT; Schema: public; Owner: hack_db_3kwr_user
--

ALTER TABLE ONLY public.history_work_experiences ALTER COLUMN id SET DEFAULT nextval('public.history_work_experiences_id_seq'::regclass);


--
-- TOC entry 3242 (class 2604 OID 16533)
-- Name: internship_statuses id; Type: DEFAULT; Schema: public; Owner: hack_db_3kwr_user
--

ALTER TABLE ONLY public.internship_statuses ALTER COLUMN id SET DEFAULT nextval('public.internship_statuses_id_seq'::regclass);


--
-- TOC entry 3280 (class 2604 OID 17127)
-- Name: interviews id; Type: DEFAULT; Schema: public; Owner: hack_db_3kwr_user
--

ALTER TABLE ONLY public.interviews ALTER COLUMN id SET DEFAULT nextval('public.interviews_id_seq'::regclass);


--
-- TOC entry 3268 (class 2604 OID 16964)
-- Name: languages id; Type: DEFAULT; Schema: public; Owner: hack_db_3kwr_user
--

ALTER TABLE ONLY public.languages ALTER COLUMN id SET DEFAULT nextval('public.languages_id_seq'::regclass);


--
-- TOC entry 3281 (class 2604 OID 17200)
-- Name: mentor_reviews id; Type: DEFAULT; Schema: public; Owner: hack_db_3kwr_user
--

ALTER TABLE ONLY public.mentor_reviews ALTER COLUMN id SET DEFAULT nextval('public.mentor_reviews_id_seq'::regclass);


--
-- TOC entry 3267 (class 2604 OID 16935)
-- Name: metros id; Type: DEFAULT; Schema: public; Owner: hack_db_3kwr_user
--

ALTER TABLE ONLY public.metros ALTER COLUMN id SET DEFAULT nextval('public.metros_id_seq'::regclass);


--
-- TOC entry 3257 (class 2604 OID 16785)
-- Name: organization_reviews id; Type: DEFAULT; Schema: public; Owner: hack_db_3kwr_user
--

ALTER TABLE ONLY public.organization_reviews ALTER COLUMN id SET DEFAULT nextval('public.organization_reviews_id_seq'::regclass);


--
-- TOC entry 3249 (class 2604 OID 16643)
-- Name: organization_types id; Type: DEFAULT; Schema: public; Owner: hack_db_3kwr_user
--

ALTER TABLE ONLY public.organization_types ALTER COLUMN id SET DEFAULT nextval('public.organization_types_id_seq'::regclass);


--
-- TOC entry 3255 (class 2604 OID 16687)
-- Name: organizations id; Type: DEFAULT; Schema: public; Owner: hack_db_3kwr_user
--

ALTER TABLE ONLY public.organizations ALTER COLUMN id SET DEFAULT nextval('public.organizations_id_seq'::regclass);


--
-- TOC entry 3284 (class 2604 OID 17295)
-- Name: presences id; Type: DEFAULT; Schema: public; Owner: hack_db_3kwr_user
--

ALTER TABLE ONLY public.presences ALTER COLUMN id SET DEFAULT nextval('public.presences_id_seq'::regclass);


--
-- TOC entry 3239 (class 2604 OID 16512)
-- Name: regions id; Type: DEFAULT; Schema: public; Owner: hack_db_3kwr_user
--

ALTER TABLE ONLY public.regions ALTER COLUMN id SET DEFAULT nextval('public.regions_id_seq'::regclass);


--
-- TOC entry 3264 (class 2604 OID 16882)
-- Name: requirements id; Type: DEFAULT; Schema: public; Owner: hack_db_3kwr_user
--

ALTER TABLE ONLY public.requirements ALTER COLUMN id SET DEFAULT nextval('public.requirements_id_seq'::regclass);


--
-- TOC entry 3272 (class 2604 OID 17022)
-- Name: response_statuses id; Type: DEFAULT; Schema: public; Owner: hack_db_3kwr_user
--

ALTER TABLE ONLY public.response_statuses ALTER COLUMN id SET DEFAULT nextval('public.response_statuses_id_seq'::regclass);


--
-- TOC entry 3277 (class 2604 OID 17101)
-- Name: responses id; Type: DEFAULT; Schema: public; Owner: hack_db_3kwr_user
--

ALTER TABLE ONLY public.responses ALTER COLUMN id SET DEFAULT nextval('public.responses_id_seq'::regclass);


--
-- TOC entry 3237 (class 2604 OID 16398)
-- Name: roles id; Type: DEFAULT; Schema: public; Owner: hack_db_3kwr_user
--

ALTER TABLE ONLY public.roles ALTER COLUMN id SET DEFAULT nextval('public.roles_id_seq'::regclass);


--
-- TOC entry 3276 (class 2604 OID 17087)
-- Name: scholls id; Type: DEFAULT; Schema: public; Owner: hack_db_3kwr_user
--

ALTER TABLE ONLY public.scholls ALTER COLUMN id SET DEFAULT nextval('public.scholls_id_seq'::regclass);


--
-- TOC entry 3273 (class 2604 OID 17029)
-- Name: selections id; Type: DEFAULT; Schema: public; Owner: hack_db_3kwr_user
--

ALTER TABLE ONLY public.selections ALTER COLUMN id SET DEFAULT nextval('public.selections_id_seq'::regclass);


--
-- TOC entry 3254 (class 2604 OID 16680)
-- Name: skills id; Type: DEFAULT; Schema: public; Owner: hack_db_3kwr_user
--

ALTER TABLE ONLY public.skills ALTER COLUMN id SET DEFAULT nextval('public.skills_id_seq'::regclass);


--
-- TOC entry 3253 (class 2604 OID 16671)
-- Name: speakers id; Type: DEFAULT; Schema: public; Owner: hack_db_3kwr_user
--

ALTER TABLE ONLY public.speakers ALTER COLUMN id SET DEFAULT nextval('public.speakers_id_seq'::regclass);


--
-- TOC entry 3271 (class 2604 OID 17015)
-- Name: stages id; Type: DEFAULT; Schema: public; Owner: hack_db_3kwr_user
--

ALTER TABLE ONLY public.stages ALTER COLUMN id SET DEFAULT nextval('public.stages_id_seq'::regclass);


--
-- TOC entry 3282 (class 2604 OID 17221)
-- Name: tasks id; Type: DEFAULT; Schema: public; Owner: hack_db_3kwr_user
--

ALTER TABLE ONLY public.tasks ALTER COLUMN id SET DEFAULT nextval('public.tasks_id_seq'::regclass);


--
-- TOC entry 3250 (class 2604 OID 16650)
-- Name: training_directions id; Type: DEFAULT; Schema: public; Owner: hack_db_3kwr_user
--

ALTER TABLE ONLY public.training_directions ALTER COLUMN id SET DEFAULT nextval('public.training_directions_id_seq'::regclass);


--
-- TOC entry 3270 (class 2604 OID 17008)
-- Name: type_basic_tests id; Type: DEFAULT; Schema: public; Owner: hack_db_3kwr_user
--

ALTER TABLE ONLY public.type_basic_tests ALTER COLUMN id SET DEFAULT nextval('public.type_basic_tests_id_seq'::regclass);


--
-- TOC entry 3279 (class 2604 OID 17120)
-- Name: type_interviews id; Type: DEFAULT; Schema: public; Owner: hack_db_3kwr_user
--

ALTER TABLE ONLY public.type_interviews ALTER COLUMN id SET DEFAULT nextval('public.type_interviews_id_seq'::regclass);


--
-- TOC entry 3243 (class 2604 OID 16540)
-- Name: universities id; Type: DEFAULT; Schema: public; Owner: hack_db_3kwr_user
--

ALTER TABLE ONLY public.universities ALTER COLUMN id SET DEFAULT nextval('public.universities_id_seq'::regclass);


--
-- TOC entry 3245 (class 2604 OID 16559)
-- Name: users id; Type: DEFAULT; Schema: public; Owner: hack_db_3kwr_user
--

ALTER TABLE ONLY public.users ALTER COLUMN id SET DEFAULT nextval('public.users_id_seq'::regclass);


--
-- TOC entry 3258 (class 2604 OID 16804)
-- Name: vacancies id; Type: DEFAULT; Schema: public; Owner: hack_db_3kwr_user
--

ALTER TABLE ONLY public.vacancies ALTER COLUMN id SET DEFAULT nextval('public.vacancies_id_seq'::regclass);


--
-- TOC entry 3265 (class 2604 OID 16894)
-- Name: vacancy_reviews id; Type: DEFAULT; Schema: public; Owner: hack_db_3kwr_user
--

ALTER TABLE ONLY public.vacancy_reviews ALTER COLUMN id SET DEFAULT nextval('public.vacancy_reviews_id_seq'::regclass);


--
-- TOC entry 3283 (class 2604 OID 17243)
-- Name: vacancy_statuses id; Type: DEFAULT; Schema: public; Owner: hack_db_3kwr_user
--

ALTER TABLE ONLY public.vacancy_statuses ALTER COLUMN id SET DEFAULT nextval('public.vacancy_statuses_id_seq'::regclass);


--
-- TOC entry 3251 (class 2604 OID 16657)
-- Name: work_experiences id; Type: DEFAULT; Schema: public; Owner: hack_db_3kwr_user
--

ALTER TABLE ONLY public.work_experiences ALTER COLUMN id SET DEFAULT nextval('public.work_experiences_id_seq'::regclass);


--
-- TOC entry 3252 (class 2604 OID 16664)
-- Name: work_schedules id; Type: DEFAULT; Schema: public; Owner: hack_db_3kwr_user
--

ALTER TABLE ONLY public.work_schedules ALTER COLUMN id SET DEFAULT nextval('public.work_schedules_id_seq'::regclass);


--
-- TOC entry 3670 (class 0 OID 16998)
-- Dependencies: 275
-- Data for Name: basic_test_statuses; Type: TABLE DATA; Schema: public; Owner: hack_db_3kwr_user
--

COPY public.basic_test_statuses (id, name) FROM stdin;
1	
2	
3	 
\.


--
-- TOC entry 3680 (class 0 OID 17048)
-- Dependencies: 285
-- Data for Name: basic_tests; Type: TABLE DATA; Schema: public; Owner: hack_db_3kwr_user
--

COPY public.basic_tests (id, basic_test_status_id, type_basic_test_id, passed, value, begin, "end", intern_id) FROM stdin;
22	2	1	t	63	2023-05-26 15:34:38.569489	2023-09-08 15:34:38.569489	4
24	2	3	t	89	2023-05-26 15:34:38.569489	2023-09-08 15:34:38.569489	4
23	3	2	f	40	2023-05-26 15:34:38.569489	2023-09-08 15:34:38.569489	4
25	2	1	t	86	2023-05-27 20:18:34.831897	2023-09-09 20:18:34.831897	13
26	3	2	f	43	2023-05-27 20:18:34.831897	2023-09-09 20:18:34.831897	13
27	3	3	f	47	2023-05-27 20:18:34.831897	2023-09-09 20:18:34.831897	13
30	2	3	t	84	2023-05-28 17:32:04.925324	2023-09-10 17:32:04.925324	14
29	2	2	t	79	2023-05-28 17:32:04.925324	2023-09-10 17:32:04.925324	14
28	3	1	f	42	2023-05-28 17:32:04.925324	2023-09-10 17:32:04.925324	14
31	2	1	t	71	2023-05-28 17:55:40.822649	2023-09-10 17:55:40.822649	19
32	2	2	t	96	2023-05-28 17:55:40.822649	2023-09-10 17:55:40.822649	19
33	2	3	t	97	2023-05-28 17:55:40.822649	2023-09-10 17:55:40.822649	19
\.


--
-- TOC entry 3626 (class 0 OID 16626)
-- Dependencies: 231
-- Data for Name: branchs; Type: TABLE DATA; Schema: public; Owner: hack_db_3kwr_user
--

COPY public.branchs (id, name) FROM stdin;
1	, , , 
2	 ,  , 
3	, ,  ,   
4	, 
5	, , , BTL, PR, , 
6	, , , 
7	 
8	 , 
9	, 
10	 
11	 
12	 
13	 , 
14	 
15	 , , , 
16	 
17	 
18	   ()
19	 
20	  
21	 
22	
23	  
24	, , 
25	  
26	, , , 
27	
28	, 
29	 , ,   
30	  
31	 
32	, 
33	
\.


--
-- TOC entry 3682 (class 0 OID 17070)
-- Dependencies: 287
-- Data for Name: championships; Type: TABLE DATA; Schema: public; Owner: hack_db_3kwr_user
--

COPY public.championships (id, value, comment, selection_id, passed) FROM stdin;
\.


--
-- TOC entry 3620 (class 0 OID 16544)
-- Dependencies: 225
-- Data for Name: cities; Type: TABLE DATA; Schema: public; Owner: hack_db_3kwr_user
--

COPY public.cities (id, name, region_id) FROM stdin;
1	 	1
2		2
3	-	4
12		14
22		19
23		19
24	 ( )	19
25	 ( )	19
26		19
27	 	19
28		19
29		19
30	 	19
31		19
32		19
33		19
34		19
35	 ( )	19
36	 	19
37		19
38		19
39		19
40		19
41		19
42	 ( )	19
43		19
44		19
45		19
46	 ( )	19
47	 ( )	19
48	-	19
49		19
50		19
51		19
52	  ( )	19
53		19
54		19
55		19
56		19
57	 ( )	19
58		19
59	 ( )	19
60	 	19
61		19
62	 ( )	19
63	  ( )	19
64		19
65		19
66		19
67		19
68		19
69	 ( )	19
70		19
71		19
72		19
73		19
74		19
75		19
76		19
77	 ( )	19
78		19
79		19
80		19
81		19
82		19
83		19
84	 ( )	19
85		19
86		19
87		19
88		19
89		19
90		19
91		19
92	 	19
93		19
94		19
95		19
96	 ( )	19
97		19
98	 ( )	19
99		19
100		19
101		19
102	 	19
103		19
104		19
105		19
106		19
107		19
108		19
109	-	19
110		19
111	 	19
112		19
113		19
114		19
115		19
116		19
117		1
118		1
119		1
120		1
121	 ( )	1
122		1
123		1
124		1
125		1
126		1
127		1
128		1
129		1
130		1
131		1
132		1
133	 ( )	1
134	-	1
135		1
136	 	1
137	 	1
138	 	1
139	 	1
140	 	1
141	 	1
142	 	1
143	 	1
144		1
145		1
146		1
147		1
148		1
149		1
150		1
151		1
152		1
153		1
154		1
155	 	1
156		1
157	 ( )	1
158		1
159		1
160		1
161	 ( )	1
162		1
163		1
164		1
165		1
166		1
167		1
168	 	1
169		1
170		1
171		1
172		1
173		1
174		1
175		1
176		1
177		1
178	 	1
179		1
180	 ( )	1
181		1
182		1
183	 ( )	1
184		1
185		1
186		1
187		1
188		1
189		1
190		1
191		1
192		1
193		1
194		1
195		1
196		1
197		1
198		1
199		1
200	 ( )	1
201	 	1
202	 	1
203		1
204		1
205		1
206		1
207	 ( )	1
208		1
209		1
210		1
211		1
212		1
213		1
214		1
215		1
216		1
217		1
218		1
219		1
220		1
221		1
222		1
223	 	1
224		1
225		1
226		1
227		1
228	 ( )	1
229		1
230		1
231		1
232	 	1
233	 ( )	1
234		1
235		1
236		1
237		1
238		1
239		1
240	 	1
241	   	1
367		20
242	  	1
243	  	1
244	  (  )	1
245		1
246		1
247		1
248		1
249	  .  	1
250		1
251		1
252		1
253		1
254		1
255		1
256		1
257		1
258		1
259	 ( )	1
260		1
261		1
262		1
263		1
264		1
265		1
266		1
267		1
268		1
269	 ( )	1
270		1
271		1
272		1
273		1
274	 	1
275		1
276		1
277		1
278		1
279		1
280		1
281		1
282		1
283		1
284		1
285		1
286		1
287		1
288		1
289		1
290		1
291		1
292	 ( )	1
293		1
294		1
295		1
296		1
297		1
298		1
299	 	1
300		1
301	 ( )	1
302		1
303		1
304		1
305		1
306		1
307		1
308		1
309	 ( )	1
310		1
311		1
312		1
313		1
314		1
315	-	20
316	 ( )	20
317	 ( )	20
318		20
319		20
320	 	20
321	 ( )	20
322	-	20
323	 ( )	20
324		20
325		20
326		20
327		20
328		20
329	 ( )	20
330	 ( )	20
331		20
332		20
333		20
334		20
335	 ( )	20
336	 ( )	20
337	 ( )	20
338	 ( )	20
339		20
340	 	20
341	 ( )	20
342	 ( )	20
343	 	20
344		20
345		20
346	 ( ,  )	20
347		20
348		20
349	 	20
350	 ( )	20
351	 ( )	20
352		20
353		20
354	 ( )	20
355		20
356	 ( )	20
357		20
358		20
359		20
360		20
361		20
362		20
363		20
364		20
365		20
366		20
368	-	20
369	-	20
370	 	20
371		20
372	 ( )	20
373		20
374		20
375		20
376	 ( )	20
377	 ( )	20
378	 ( ,  )	20
379	 ( )	20
380		20
381	 ( )	20
382		20
383		21
384		21
385		21
386		21
387	-	21
388		21
389		21
390		21
391	 (  )	21
392		21
393	 	21
394		21
395		21
396		21
397	-	21
398		21
399	 (  )	21
400		21
401		21
402	 	21
403		21
404		21
405		21
406	 (  )	21
407	 (  )	21
408		21
409	 (  )	21
410		21
411		21
412		21
413		21
414		21
415		6
416		6
417		6
418		6
419		6
420		6
421		6
422		6
423		6
424		6
425		6
426		6
427		6
428		6
429		6
430		6
431	 	6
432		6
433		6
434		6
435		6
436	-	6
437		6
438	 	6
439		6
440	 	6
441	 	6
442	 	6
443	 	6
444	 	6
445	 	6
446	 	6
447	 	6
448	 	6
449	 	6
450	 	6
451		6
452		6
453		6
454		6
455		6
456	 	6
457	 	6
458	 	6
459	 	6
460		6
461		6
462		6
463		6
464		6
465		6
466		6
467		6
468		6
469		6
470		6
471	-	6
472	 	6
473	 ( )	6
474		6
475		6
476		6
477		6
478	-	6
479		6
480		6
481		6
482		6
483	-	6
484		6
485	 	6
486	 	6
487	 	6
488	 ( )	6
489		6
490		6
491		6
492		6
493		6
494		6
495		6
496		6
631		22
497	  ( )	6
498	 	6
499	-	6
500		6
501	 	6
502		6
503		6
504		6
505		6
506	-	6
507		6
508		6
509		6
510	-	6
511		6
512		6
513		6
514	 	6
515	 	6
516	 	6
517		6
518		6
519		6
520		6
521	 	6
522	-	6
523		6
524		6
525	 	6
526		6
527	 	6
528		6
529	 	6
530	 	6
531	 	6
532	 	6
533	 	6
534	 	6
535	 	6
536	 	6
537		6
538	 	6
539		6
540		6
541	 ( )	6
542		6
543		6
544	 	6
545	 	6
546		6
547		6
548	  	6
549	  	6
550	 	6
551	 	6
552	-	6
553		6
554		6
555	 	6
556	 	6
557		6
558	 	6
559	 	6
560	 	6
561	 	6
562		6
563	 	6
564	 	6
565	 	6
566	 	6
567	 	6
568	 	6
569		6
570		6
571		6
572	 	6
573	 	6
574	 	6
575	 	6
576		6
577		6
578		6
579		6
580	-	6
581		6
582		6
583		6
584		6
585		6
586		6
587		6
588		6
589		6
590		6
591		6
592		6
593		6
594		6
595		6
596	 	6
597		6
598		6
599		6
600		6
601		6
602		6
603		6
604		6
605		6
606		6
607		22
608		22
609		22
610		22
611	-3	22
612	 	22
613	 	22
614	 	22
615		22
616		22
617		22
618		22
619		22
620		22
621		22
622		22
623		22
624		22
625		22
626		22
627		22
628		22
629		22
630		22
632		22
633		22
634		22
635		22
636		22
637		22
638		22
639		22
640		22
641		22
642		22
643		22
644		22
645		22
646		22
647		22
648		22
649	 	22
650		22
651		22
652		22
653		22
654	 	22
655	 	22
656		22
657	-	22
658	 ( )	22
659		22
660		22
661		22
662		22
663		22
664		22
665		22
666	 ( )	22
667	 ( )	22
668		22
669		22
670		22
671	 	22
672	 	22
673		22
674		22
675		22
676		22
677		22
678		22
679		22
680		22
681		22
682		22
683		22
684		22
685	-	22
686		22
687	-	22
688		22
689		23
690		23
691		23
692		23
693		23
694		23
695		23
696		23
697		23
698		23
699		23
700	-	23
701		23
702	 	23
703	 	23
704	 	23
705	 	23
706	 	23
707	 	23
708	 	23
709	 	23
710		23
711		23
712		23
713		23
714		23
715		23
716	-	23
717		23
718		23
719		23
720		23
721		23
722	-	23
723		23
724	 ( )	23
725		23
726		23
727	 ( )	23
728		23
729		23
730		23
731	 ( )	23
732	 ( )	23
733		23
734		23
735		23
736	 	23
737		23
738		23
739	-	23
740	 	23
741	 	23
742	 	23
743	 ( )	23
744		23
745		23
746	 	23
747	 	23
748		23
749		23
750		23
751	 	23
752		23
753	-	23
754	 	23
755	 	23
756	 	23
757	 	23
758		23
759	 	23
760	 ( )	23
761		23
762	 	23
763		23
764		23
765		23
766	 ( )	23
767		23
768	 	23
769	 	23
770	 	23
771	 	23
772		23
773		23
774		23
775		23
776		23
777		23
778		23
779		23
780	-	23
781		23
782		23
783		23
784		23
785		23
786		23
787		23
788		23
789		23
790		23
791	-	23
792	 	23
793		23
794		23
795		23
796		23
797		23
798		23
799		23
800		23
801		23
802		23
803		23
804		23
805		23
806		23
807		23
808		23
809		23
810		23
811		23
812		23
813		23
814	-	23
815	-	23
816		23
817		23
818	 ( )	24
819	 ( )	24
820	 	24
821		24
822		24
823	 ( )	24
824		24
825		24
826		24
827		24
828		24
829	-	24
830	-	24
831	-	24
832	-	24
833	 	24
834	 ( )	24
835		24
836	 ( )	24
837	 ( )	24
838		24
839		24
840		24
841		24
842		24
843		24
844		24
845		24
846		24
847		24
848		24
849		24
850		24
851	 ( )	24
852		24
853	 	24
854		24
855		24
856	-	24
857		24
858		24
859		24
860		24
861		24
862		24
863		24
864	 	24
865	 	24
866	 ( )	24
867	 	24
868	 	24
869		24
870		24
871		24
872		24
873		24
874	 ( )	24
875	-	24
876		24
877	 ( )	24
878		24
879		24
880		24
881		24
882		24
883		24
884	-	24
885		24
886		24
887		24
888		24
889		24
890		24
891	 ( )	24
892	 	24
893		24
894		24
895	 ( )	24
896	 ( )	24
897		25
898		25
899		25
900		25
901		25
902	 ( )	25
903		25
904		25
905		25
906		25
907		25
908		25
909		25
910		25
911		25
912	 	25
913	 	25
914		25
915		25
916		25
917		25
918		25
919		25
920		25
921		25
922		25
923		25
924		25
925	-	25
926	 ( )	25
927		25
928		25
929		25
930		25
931		25
932		25
933		25
934		25
935		25
936		25
937		25
938		25
939		25
940		25
941		25
942		25
943		25
944		25
945		25
946		25
947		25
948		25
949	 ( )	25
950		25
951		25
952	 	25
953		25
954		25
955		25
956	 ( )	25
957		25
958		25
959	 ( )	25
960		25
961		25
962		25
963		25
964		25
965		25
966		25
967		25
968		25
969		25
970		25
971		25
972		25
973		25
974		25
975		25
976	 1-	25
977		25
978		25
979	-	25
980	-	25
981	-	25
982	-	25
983	-	25
984		25
985		25
986	 ( )	25
987		25
988		25
989		25
990		25
991		25
992		25
993		25
994		25
995		25
996		25
997		26
998		26
999		26
1000		26
1001	 ( )	26
1002		26
1003		26
1004	 ( )	26
1005		26
1006	 ( )	26
1007		26
1008		26
1009		26
1010	 	26
1011	 	26
1012	 	26
1013	 	26
1014	 	26
1015		26
1016		26
1017	 ( )	26
1018		26
1019		26
1020		26
1021		26
1022		26
1023		26
1024		26
1025		26
1026	 	26
1027		26
1028		26
1029	 ( )	26
1030		26
1031		26
1032		26
1033	 ( )	26
1034		26
1035	 ( )	26
1036	 	26
1037		26
1038		26
1039		26
1040		26
1041		26
1042		26
1043		26
1044		26
1045		26
1046		26
1047		26
1048		26
1049		26
1050	 ( )	26
1051		26
1052		26
1053		26
1054		26
1055		26
1056		26
1057		26
1058	 	26
1059		26
1060	 ( )	26
1061		26
1062		26
1063		26
1064		26
1065		26
1066		26
1067		26
1068		26
1069		26
1070		26
1071		26
1072		26
1073		26
1074		26
1075	 	26
1076	 	26
1077	 	26
1078		26
1079		26
1080		26
1081		26
1082		26
1083		26
1084	 ( )	26
1085	 ( )	26
1086	 	26
1087	 13 	26
1088		26
1089		26
1090	 ( )	26
1091		26
1092		26
1093		26
1094		26
1095		26
1096		26
1097		26
1098		26
1099		26
1100	 ( )	26
1101	- ( )	26
1102		26
1103	 ( )	26
1104	 ( )	26
1105		26
1106		26
1107		26
1108		26
1109		26
1110		26
1111		26
1112	 ( )	26
1113		26
1114		26
1115		26
1116		26
1117		26
1118	-	26
1119		26
1120		26
1121		26
1122	 	26
1123		26
1124		26
1125		26
1126		26
1127		26
1128		26
1129		26
1130		26
1131	-	26
1132		27
1133		27
1134		27
1135		27
1136		27
1137		27
1138		27
1139		27
1140		27
1141	 	27
1142		27
1143		27
1144		27
1145		27
1146		27
1147		27
1148		27
1149		27
1150		27
1151		27
1152		27
1153		27
1154		27
1155		27
1156	-	27
1157	 ( )	27
1158		27
1159		27
1160		27
1161		27
1162		27
1163		27
1164	 	27
1165		27
1166	 	27
1167		27
1168		27
1169	 	27
1170		27
1171		27
1172	 ( )	27
1173		27
1174	-	27
1175		27
1176		27
1177		27
1178		27
1179	-	27
1180		27
1181		27
1182		27
1183		27
1184		27
1185		27
1186	-	27
1187		27
1188	-	27
1189		27
1190		27
1191		27
1192	 	27
1193		27
1194		27
1195		27
1196		27
1197		28
1198		28
1199		28
1200		28
1201		28
1202		28
1203		28
1204	-	28
1205		28
1206		28
1207		28
1208		28
1209		28
1210		28
1211	 	28
1212		28
1213		28
1214		28
1215		28
1216	-	28
1217		28
1218		28
1219		28
1220		28
1221		28
1222		28
1223		28
1224		28
1225		28
1226	-	28
1227		28
1228		28
1229		28
1230		28
1231	 (  ())	28
1232		28
1233		28
1234		28
1235		28
1236	 (  ())	28
1237		28
1238		28
1239		28
1240		28
1241	 	28
1242	 	28
1243		28
1244		28
1245		28
1246		28
1247		28
1248		28
1249		28
1250	 ()	28
1251		28
1252		28
1253		28
1254		28
1255	 ()	28
1256		28
1257	 	28
1258		28
1259	-	28
1260	  ( )	28
1261		28
1262		28
1263		28
1264		28
1265		28
1266		28
1267		28
1268		28
1269		28
1270	-	28
1271	-	28
1272	-	28
1273	-	28
1274		28
1275		28
1276		28
1277	-	28
1278		28
1279	 (  ())	28
1280		28
1281		28
1282		28
1283		28
1284		28
1285		28
1286	-	28
1287		28
1288		28
1289		28
1290		28
1291	-	29
1292	-	29
1293	-	29
1294		29
1295	-	29
1296		29
1297	-	29
1298	-	29
1299		29
1300		29
1301	-	29
1302		29
1303		29
1304		29
1305		29
1306		30
1307		30
1308		30
1309	  ( )	30
1310		30
1311		30
1312		30
1313		30
1314		30
1315	 	30
1316		30
1317	 ( )	30
1318	 ( )	30
1319		30
1320		30
1321		30
1322		30
1323	-	30
1324		30
1325		30
1326	 ( )	30
1327		31
1328	 ( )	31
1329		31
1330		31
1331	 ( )	31
1332		31
1333		31
1334	 	31
1335		31
1336	 ( )	31
1337		31
1338		31
1339	 ( )	31
1340		31
1341		31
1342		31
1343		31
1344		31
1345		31
1346		31
1347	 ( )	31
1348		31
1349		31
1350	 	31
1351		31
1352		31
1353		31
1354		31
1355		31
1356		31
1357		31
1358		31
1359	 ( )	31
1360		31
1361		31
1362		31
1363	 ( )	31
1364		31
1365		31
1366		31
1367		31
1368		31
1369		31
1370		31
1371		31
1372		31
1373	 ( )	31
1374		31
1375		31
1376		32
1377		32
1378		32
1379		32
1380		32
1381		32
1382		32
1383		32
1384		32
1385		32
1386		32
1387		32
1388		32
1389		32
1390	 ( )	32
1391	 ( )	32
1392		32
1393		32
1394	 ( )	32
1395	 ( )	32
1396		32
1397	 	32
1398		32
1399		32
1400		32
1401		32
1402		32
1403		32
1404		32
1405		32
1406		32
1407	 	32
1408		32
1409		32
1410	-	32
1411	-	32
1412	-	32
1413	-	32
1414	-	32
1415		32
1416	 ( )	32
1417		32
1418		32
1419	-	32
1420		32
1421	 	32
1422		32
1423		32
1424		32
1425	-	32
1426		32
1427		32
1428		32
1429	 ( )	32
1430	 ( )	32
1431		32
1432		32
1433		32
1434		32
1435		32
1436	 	32
1437		32
1438	-	32
1439		32
1440		32
1441		32
1442		32
1443		32
1444		32
1445		32
1446		32
1447	 ( )	32
1448		32
1449		32
1450		32
1451		32
1452		32
1453	 	32
1454	 	32
1455	 	32
1456	 	32
1457		32
1458		32
1459		32
1460		32
1461		32
1462		32
1463		32
1464	 	32
1465	 ( )	32
1466	 ( )	32
1467		32
1468		32
1469		32
1470		32
1471	 	32
1472	--	32
1473		32
1474		32
1475	 ( )	32
1476	 	32
1477	 ( )	32
1478		32
1479		32
1480		32
1481		32
1482	 ( )	32
1483		32
1484		32
1485		32
1486		32
1487		32
1488		32
1489		32
1490		32
1491	 	32
1492	 ( )	32
1493		32
1494		32
1495		32
1496		32
1497	 	32
1498		32
1499		32
1500		32
1501		32
1502		32
1503		32
1504		32
1505		32
1506		32
1507		32
1508	 	32
1509		32
1510	 ( )	32
1511		32
1512		32
1513		32
1514		32
1515	 	32
1516		32
1517		32
1518		32
1519	 	32
1520		32
1521		32
1522		32
1523		32
1524		32
1525		32
1526	 ( )	32
1527	 ( )	32
1528	 ( )	32
1529	 (- )	32
1530		32
1531		32
1532		32
1533		32
1534	-	32
1535	-	32
1536		32
1537		32
1538		32
1539		32
1540		32
1541		32
1542		32
1543		32
1544		32
1545		32
1546		32
1547		32
1548		32
1549		32
1550		32
1551		32
1552		32
1553	 	32
1554		32
1555		32
1556	 ( )	32
1683		33
1557	 ( )	32
1558		32
1559	 ( )	32
1560	 ( )	32
1561		32
1562		32
1563		32
1564		32
1565		32
1566	 ( )	32
1567	 ( )	32
1568		32
1569		32
1570		32
1571		32
1572	 ( )	32
1573		32
1574		32
1575		32
1576	 ( )	32
1577		32
1578		32
1579		32
1580		32
1581		32
1582	  	32
1583		32
1584		32
1585		32
1586		32
1587		32
1588	 ( )	32
1589	 ( )	32
1590		32
1591	 	32
1592		32
1593		32
1594		32
1595	 	32
1596		32
1597		32
1598		32
1599		32
1600		32
1601		32
1602		32
1603		32
1604	 ( )	32
1605		32
1606		32
1607		32
1608		32
1609	 ( )	32
1610		32
1611		32
1612		32
1613	 ( )	32
1614		32
1615		32
1616	 ( )	32
1617	 ( )	32
1618	 ( )	32
1619		32
1620	 	32
1621		32
1622		32
1623		32
1624		32
1625	  ( )	32
1626		32
1627		32
1628	 	32
1629	 ( )	32
1630		32
1631		32
1632		32
1633		32
1634		32
1635		32
1636		32
1637		32
1638	 ( )	32
1639		32
1640		32
1641		32
1642		32
1643		32
1644		32
1645	 ( )	32
1646		32
1647	-	32
1648	-	32
1649	-	32
1650	-	32
1651	- 	32
1652		32
1653		32
1654		32
1655		32
1656		32
1657		32
1658		32
1659		32
1660		32
1661		32
1662		32
1663	 ( )	32
1664	 	32
1665		32
1666		32
1667		32
1668		32
1669		32
1670		32
1671		32
1672		32
1673		32
1674		32
1675		32
1676	 ( )	32
1677		32
1678		32
1679	 	32
1680	-	33
1681		33
1682		33
1684		33
1685	 ( )	33
1686	 ( )	33
1687		33
1688		33
1689	-	33
1690		33
1691		33
1692	 ( )	33
1693		33
1694		33
1695		33
1696		33
1697		33
1698		33
1699		33
1700		33
1701		33
1702		33
1703		33
1704		33
1705		33
1706		33
1707		33
1708		33
1709		33
1710		33
1711		33
1712	 ( )	33
1713	 	33
1714		33
1715		33
1716	-	33
1717	 	33
1718		33
1719		33
1720		33
1721		33
1722		33
1723		33
1724		33
1725		33
1726		33
1727		33
1728		33
1729		33
1730		33
1731		33
1732	 ( )	33
1733	 	33
1734		33
1735		33
1736	 ( )	33
1737		33
1738		33
1739		33
1740	 ( )	33
1741		33
1742		33
1743		33
1744		33
1745		33
1746		33
1747		33
1748		33
1749	 ( )	33
1750	 ( )	33
1751	 	33
1752		33
1753		33
1754		33
1755		33
1756		33
1757	 ( )	33
1758		33
1759	 ( )	33
1760		33
1761		33
1762		33
1763		33
1764		33
1765	-	33
1766		33
1767		33
1768		33
1769		33
1770		33
1771		33
1772		33
1773		33
1774		33
1775		33
1776		8
1777		8
1778		8
1779		8
1780		8
1781	 ( )	8
1782		8
1783		8
1784		8
1785		8
1786	 ( )	8
1787		8
1788		8
1789		8
1790		8
1791		8
1792	-	8
1793	-	8
1794	-	8
1795	-	8
1796	-	8
1797		8
1798		8
1799		8
1800		8
1801		8
1802		8
1803		8
1804		8
1805		8
1806		8
1807		8
1808		8
1809		8
1810		8
1811		8
1812		8
1813		8
1814		8
1815		8
1816	 	8
1817		8
1818		8
1819		8
1820		8
1821		8
1822		8
1823		8
1824		8
1825		8
1826		8
1827	 ( )	8
1828		8
1829		8
1830		8
1831		8
1832		8
1833		8
1834		8
1835	  ( )	8
1836		8
1837		8
1838		8
1839		8
1840		8
1841		8
1842		8
1843	 ( )	8
1844	 ( )	8
1845		8
1846		8
1847	 ( )	8
1848		8
1849		8
1850		8
1851	 	8
1852		8
1853		8
1854		8
1855		8
1856		8
1857		8
1858		8
1859		8
1860		8
1861		8
1862	 	8
1863		8
1864	 	8
1865	 ( )	8
1866		8
1867	 	8
1868		8
1869	 2-	8
1870		8
1871		8
1872	 ( )	8
1873		8
1874		8
1875		8
1876	 ( )	8
1877	 ( )	8
1878	 ( )	8
1879	 ( )	8
1880	 ( )	8
1881		8
1882	 ( )	8
1883		8
1884	 	8
1885		8
1886		8
1887		8
1888		8
1889		8
1890		8
1891		8
1892		8
1893		8
1894		8
1895		8
1896		8
1897		8
1898	-	8
1899	-	8
1900	-	8
1901		8
1902		8
1903		8
1904		8
1905		8
1906		8
1907		8
1908		8
1909		8
1910		8
1911		8
1912		8
1913		8
1914		8
1915		8
1916	 ( )	8
1917		8
1918		9
1919		9
1920		9
1921	 ( )	9
1922		9
1923		9
1924		9
1925		9
1926		9
1927		9
1928		9
1929		9
1930		9
1931		9
1932		9
1933		9
1934		9
1935		9
1936	 	9
1937	 	9
1938		9
1939		9
1940	 ( )	9
1941		9
1942	 ( )	9
1943		9
1944		9
1945		9
1946	 ( )	9
1947		9
1948		9
1949		9
1950		9
1951	 ( )	9
1952	 	9
1953	 ( )	9
1954		9
1955		9
1956		9
1957		9
1958		9
1959	 ( )	9
1960		9
1961		9
1962		9
1963		9
1964	  ( )	9
1965		9
1966		9
1967		9
1968		9
1969		9
1970		9
1971		9
1972	 ( )	9
1973		9
1974		9
1975		9
1976		9
1977	-	9
1978		9
1979		9
1980		9
1981	 	9
1982		9
1983		9
1984		9
1985	 	9
1986	 	9
1987		9
1988		9
1989		9
1990		9
1991	 ( )	9
1992	 ( )	9
1993		9
1994		9
1995		9
1996		9
1997		9
1998		9
1999		9
2000		9
2001		9
2002		9
2003		9
2004		9
2005		9
2006		9
2007		9
2008	 	9
2009	 ( )	9
2010		9
2011	 	9
2012		9
2013	 	9
2014		9
2015		9
2016		9
2017		9
2018		9
2019		9
2020		9
2021		9
2022		9
2023		9
2024		9
2025		9
2026		9
2027		9
2028		9
2029		9
2030	-	9
2031	-	9
2032		9
2033		9
2034		9
2035		9
2036		9
2037		9
2038		9
2039	-	9
2040	 ( )	9
2041		9
2042		9
2043		9
2044	 ( )	9
2045	-	9
2046		9
2047		34
2048	-	34
2049		34
2050	-	34
2051	-	34
2052		34
2053		34
2054		34
2055		34
2056		34
2057	-	34
2058	-	34
2059		34
2060		34
2061		34
2062		34
2063	 ( )	35
2064		35
2065		35
2066		35
2067	 	35
2068		35
2069	 	35
2070		35
2071		35
2072		35
2073		35
2074		35
2075		35
2076		35
2077		35
2078		35
2079		35
2080		35
2081		35
2082		35
2083		35
2084		35
2085	 	35
2086		35
2087	 	35
2088		35
2089		35
2090	 ( )	35
2091		35
2092		35
2093		35
2094	 ( )	35
2095	 ( )	35
2096	 	35
2097		35
2098		35
2099		35
2100		35
2101		35
2102		35
2103	-	35
2104		35
2105	 ( )	35
2106		3
2107		3
2108		3
2109	 ( )	3
2110		3
2111		3
2112	 ( )	3
2113	 ( )	3
2114		3
2115	 ( )	3
2116		3
2117	 ( )	3
2118		3
2119	 	3
2120		3
2121	 ( )	3
2122		3
2123		3
2124	 ( )	3
2125	 ( )	3
2126		3
2127		3
2128		3
2129	 	3
2130	 	3
2131		3
2132	 ( )	3
2133		3
2134		3
2135	 ( )	3
2136		3
2137		3
2138		3
2139	 	3
2140	 	3
2141	 ( )	3
2142		3
2143	-	3
2144		3
2145	 ( )	3
2146	 	3
2147		3
2148		3
2149		3
2150		3
2151		3
2152		3
2153		3
2154		3
2155		3
2156	 	3
2157	 	3
2158	-10 ( ,  )	3
2159	 ( , - )	3
2160	 ( , - )	3
2161		3
2162	 	3
2163		3
2164		3
2165		3
2166		3
2167		3
2168	 ( )	3
2169	 ( )	3
2170		3
2171	-	3
2172	-	3
2173		3
2174		3
2175		3
2176	 ( )	3
2177	 ( ,  )	3
2178		3
2179	 ( ,   )	3
2180		3
2181		3
2182		3
2183		3
2184	 ( ,  )	3
2185	-	3
2186	 ( )	3
2187	 	3
2188	 ( )	3
2189	 ( ,   )	3
2190		3
2191		3
2192	 ( )	3
2193		3
2194		3
2195		3
2196		3
2197	 	3
2198		3
2199		3
2200		3
2201		3
2202	 ( )	3
2203		3
2204		3
2205		3
2206		3
2207		3
2208		3
2209		3
2210		3
2211	 ( ,   )	3
2212		3
2213		3
2214		3
2215		3
2216		3
2217	 	3
2218	 	3
2219		3
2220		3
2221		3
2222		3
2223		3
2224		3
2225		3
2226	-2	3
2227		3
2228		3
2229	 	3
2230		3
2231	 ( ,  )	3
2232		3
2233		3
2234		3
2235	 ( )	3
2236		3
2237		3
2238		3
2239		3
2240		3
2241	 ( )	3
2242		3
2243	 ( )	3
2244		3
2245		3
2246		3
2247	 	3
2248		3
2249	 	3
2250	 ( )	3
2251		3
2252		3
2253		3
2254		3
2255		3
2256	-	3
2257		3
2258		3
2259	  ( )	3
2260		3
2261	 	3
2262		3
2263		3
2264		3
2265		3
2266		3
2267		3
2268	 ( )	3
2269	  ( )	3
2270		3
2271	 ( )	3
2272	 ( )	3
2273		3
2274	 ( )	3
2275		3
2276		3
2277		3
2278		3
2279		3
2280		3
2281	 ( )	3
2282	 ( )	3
2283	 ( )	3
2284		3
2285		3
2286		3
2287		3
2288		3
2289		3
2290	 ( ,  )	3
2291	  ( ,  )	3
2292		3
2293	 ( )	3
2294	 	3
2295		3
2296		3
2297		3
2298		3
2299		3
2300	 	3
2301		3
2302		3
2303	 ( )	3
2304		3
2305	 	3
2306		3
2307		3
2308		3
2309		3
2310		3
2311	 ( ,  )	3
2312	 ( )	3
2313		3
2314		3
2315		3
2316		3
2317		3
2318		3
2319		3
2320		3
2321		3
2322		3
2323		3
2324		3
2325	 ( )	3
2326		3
2327		3
2328		3
2329		3
2330		3
2331		3
2332	 ( )	3
2333		3
2334	 ()	3
2335		3
2336		3
2337		3
2338		3
2339	 ( )	3
2340		3
2341		3
2342	 ( )	3
2343	 ( )	3
2344		3
2345		3
2346		3
2347	 	3
2348		3
2349		3
2350		3
2351		3
2352		3
2353		3
2354	 ( ,  )	3
2355		3
2356		3
2357		3
2358	-	3
2359	 (  )	3
2360	 	3
2361		3
2362		3
2363		3
2364	 (  )	3
2365	 ( )	3
2366	 ( )	3
2367	  ( )	3
2368	  	3
2369		3
2370		3
2371		3
2372	 ( )	3
2373		3
2374		3
2375		3
2376		3
2377	-	3
2378	 ( )	3
2379		3
2380		3
2381		3
2382		3
2383	 ( )	3
2384	 ( )	3
2385	 ( )	3
2386		3
2387		3
2388	-7	3
2389	 ( )	3
2390		3
2391		3
2392		3
2393		3
2394		3
2395		3
2396	 ( )	3
2397		3
2398		3
2399	-	3
2400		3
2401	 ( )	3
2402		3
2403	 	3
2404	 	3
2405		3
2406	-	3
2407	 	3
2408	 ( )	3
2409		3
2410		3
2411		3
2412		3
2413	 (  )	3
2414	  	3
2415	 .	3
2416	   	3
2417		3
2418	 ( ,  )	3
2419		3
2420		3
2421		3
2422	 ( )	3
2423		3
2424		3
2425		3
2426		3
2427		3
2428	 	3
2429		3
2430		3
2431	 (- )	3
2432		3
2433		3
2434		3
2435		3
2436		3
2437		3
2438		3
2439		3
2440		3
2441		3
2442		3
2443		3
2444		3
2445	 	3
2446		3
2447		3
2448		36
2449		36
2450	 ( )	36
2451	 ( )	36
2452	 ( )	36
2453		36
2454		36
2455		36
2456	 ( )	36
2457	 	36
2458		36
2459		36
2460	 ( ,  )	36
2461		36
2462	 ( )	36
2463		36
2464		36
2465		36
2466	 	36
2467		36
2468		36
2469	 ( )	36
2470		36
2471	 ( )	36
2472	 ( )	36
2473		36
2474		36
2475		36
2476		36
2477		36
2478		36
2479	 ( )	36
2480		36
2481	 ( )	36
2482		36
2483		36
2484		36
2485		36
2486		36
2487		36
2488	 ( )	36
2489		36
2490	 ( )	36
2491		36
2492		36
2493		36
2494		36
2495		37
2496		37
2497		37
2498		37
2499		37
2500		37
2501	-2	37
2502	 ( )	37
2503	 ( )	37
2504		37
2505		37
2506	 ( )	37
2507	 ( )	37
2508		37
2509		37
2510		38
2511		38
2512		38
2513		38
2514		38
2515		38
2516	 ( )	38
2517	 ( )	38
2518		38
2519	 ( )	38
2520		38
2521		38
2522	 ( )	38
2523	 ( )	38
2524	 ( )	38
2525	 ( )	38
2526		38
2527	 ( )	38
2528		38
2529		38
2530		38
2531		38
2532	-	38
2533	 ( )	38
2534	 ( )	38
2535	 ( )	38
2536		38
2537		38
2538		38
2539	-	38
2540	-	38
2541	-	38
2542		38
2543		38
2544		38
2545		38
2546		39
2547	 ( )	39
2548		39
2549		39
2550	 ( )	39
2551		39
2552		39
2553		39
2554	 ( )	39
2555		39
2556	 ( )	39
2557	 ( )	39
2558		39
2559		39
2560		39
2561		39
2562	-	39
2563		39
2564		39
2565	 ( )	39
2566		39
2567	 ( )	40
2568		40
2569		40
2570		40
2571		40
2572		40
2573	 	40
2574		40
2575		40
2576	-	40
2577		40
2578	-	40
2579		40
2580		40
2581		40
2582		40
2583	 	40
2584		40
2585		40
2586	 ( )	40
2587		40
2588		40
2589	 ( )	40
2590		40
2591	-	40
2592	 ( )	40
2593		40
2594		40
2595	 ( )	40
2596	 ( )	40
2597		40
2598	 ( )	40
2599		40
2600		40
2601		40
2602		40
2603	 ( )	40
2604	-	40
2605		40
2606		40
2607		40
2608		40
2609		40
2610		40
2611		40
2612	 ( )	40
2613		40
2614		40
2615		40
2616	 ( )	40
2617	 ( ,  )	40
2618		40
2619		40
2620	 ( )	40
2621	 ( )	40
2622		40
2623	 ( )	40
2624	 	40
2625		40
2626	 ( )	40
2627		40
2628	 ( )	40
2629	 ( )	40
2630	 ( )	40
2631		40
2632	-	40
2633	 ( )	40
2634		40
2635		40
2636	 ( )	40
2637		40
2638		40
2639	 ( )	40
2640		40
2641		40
2642	 ( )	40
2643		40
2644		40
2645		40
2646		40
2647		40
2648	-	41
2649		41
2650	 ( )	41
2651		41
2652		41
2653	 ( )	41
2654		41
2655		41
2656	 ( )	41
2657		41
2658		41
2659		41
2660	 ( )	41
2661		41
2662		41
2663		41
2664		41
2665	 ( )	41
2666		41
2667		41
2668	 ( )	41
2669		41
2670		41
2671		41
2672	 ( )	41
2673	-	41
2674		41
2675		41
2676	 ( )	41
2677		41
2678	 ( )	41
2679		41
2680		41
2681		41
2682		41
2683		41
2684	 ( )	41
2685	 ( )	41
2686		41
2687	-	41
2688	-	41
2689		41
2690		42
2691	 ( )	42
2692		42
2693	 	42
2694		42
2695		42
2696		42
2697		42
2698		42
2699		42
2700	-	42
2701		42
2702		42
2703	 ( )	42
2704		42
2705	  ( )	42
2706	 ( )	42
2707	-	42
2708	--	42
2709		42
2710		42
2711		42
2712		42
2713		42
2714		42
2715		42
2716		42
2717		42
2718	 ( )	42
2719	--	42
2720	 ( )	42
2721	 	42
2722	 ( )	42
2723		42
2724		42
2725	 	42
2726		42
2727	 	42
2728		42
2729		42
2730		42
2731		42
2732		42
2733	 ( )	42
2734		42
2735		42
2736		42
2737		42
2738	 ( )	42
2739		42
2740		42
2741		42
2742		42
2743	  ( )	42
2744		42
2745		42
2746		42
2747		42
2748		42
2749		43
2750		43
2751		43
2752		43
2753		43
2754		43
2755	 ( )	43
2756		43
2757	 	43
2758		43
2759		43
2760		43
2761		43
2762		43
2763	 	43
2764		43
2765		43
2766		44
2767		44
2768	 	44
2769		44
2770		44
2771		44
2772		44
2773		44
2774		44
2775	-	44
2776		44
2777		44
2778		44
2779	 ( )	44
2780		44
2781		44
2782		44
2783		44
2784		44
2785	 ( )	44
2786		44
2787		44
2788		44
2789		44
2790		45
2791		45
2792		45
2793	 	45
2794		45
2795	-	45
2796		45
2797	 	45
2798		45
2799		45
2800		45
2801		45
2802		45
2803	-	45
2804	 ( )	45
2805		45
2806		45
2807		45
2808		45
2809		45
2810		45
2811		45
2812		45
2813		45
2814		45
2815	 ( )	45
2816		45
2817		45
2818		45
2819		45
2820		45
2821	 ( )	45
2822		45
2823		45
2824		45
2825		45
2826	 ( )	45
2827		45
2828		45
2829		45
2830		45
2831		45
2832		45
2833		45
2834		45
2835		45
2836		45
2837		45
2838		45
2839		45
2840		45
2841		45
2842		45
2843		45
2844		45
2845	-	45
2846		45
2847		45
2848		45
2849		45
2850		45
2851		45
2852		45
2853		45
2854		46
2855		46
2856		46
2857		46
2858		46
2859	 ( )	46
2860		46
2861		46
2862		46
2863	 ( )	46
2864		46
2865		46
2866		46
2867		46
2868		46
2869	 ( )	46
2870		46
2871		46
2872	 ( )	46
2873		46
2874		46
2875	 ( )	46
2876		46
2877		46
2878	 ( )	46
2879		46
2880	-1	46
2881		46
2882		46
2883		47
2884		47
2885	 ( )	47
2886		47
2887		47
2888		47
2889		47
2890	 	47
2891	 	47
2892	 	47
2893	 	47
2894	 	47
2895	 	47
2896		47
2897		47
2898		47
2899		47
2900		47
2901		47
2902		47
2903	 ( )	47
2904		47
2905		47
2906		47
2907		47
2908		47
2909		47
2910	 	47
2911		47
2912		47
2913		47
2914		47
2915		47
2916		47
2917		47
2918		47
2919		47
2920		47
2921		47
2922		47
2923		47
2924	  ( )	47
2925	 ( )	47
2926	 ( )	47
2927		47
2928	 ( )	47
2929		47
2930	 ( )	47
2931		47
2932		47
2933		47
2934		47
2935		47
2936	 ( )	47
2937		47
2938		47
2939		47
2940		47
2941		47
2942		47
2943		47
2944	 ( )	47
2945		47
2946		47
2947		47
2948		47
2949		47
2950		47
2951		47
2952	 	47
2953	 	47
2954	  ( )	47
2955		47
2956		47
2957		47
2958		47
2959	 ( ,  )	47
2960		47
2961		47
2962		47
2963		47
2964	 	47
2965		47
2966		47
2967		47
2968	 ( )	47
2969	 	47
2970	 	47
2971		47
2972	 ( )	47
2973		47
2974		47
2975		47
2976		47
2977		47
2978	 ( )	47
2979	 ( )	47
2980		47
2981	 	47
2982	 	47
2983	 ( )	47
2984	 	47
2985	 	47
2986	 ( )	47
2987	 ( )	47
2988		47
2989		47
2990		47
2991		47
2992	 ( )	47
2993	 ( )	47
2994		47
2995		47
2996	  	47
2997		47
2998	 ( )	47
2999		47
3000		47
3001		47
3002		47
3003		47
3004		47
3005	  	47
3006		47
3007	 ( )	47
3008		47
3009		47
3010		47
3011		47
3012		47
3013	 ( )	47
3014		47
3015		47
3016		47
3017		47
3018		47
3019	   ( )	47
3020	 ( )	47
3021	-	47
3022	 ( )	47
3023	 ( )	47
3024		47
3025		47
3026		47
3027	 ( )	47
3028	 (,  )	47
3029		47
3030		47
3031		47
3032		47
3033		47
3034		47
3035		47
3036		47
3037	 ( )	47
3038		47
3039	  ( )	47
3040	 	47
3041	 ( )	47
3042		47
3043		47
3044		47
3045	 ( )	47
3046	 ( )	47
3047		47
3048		47
3049		47
3050	 ( )	47
3051		47
3052		47
3053		47
3054		47
3055	 ( )	47
3056		47
3057		47
3058	 ( )	47
3059	-	47
3060		47
3061		47
3062	 ( )	47
3063		47
3064		47
3065		47
3066		47
3067		47
3068		47
3069		47
3070		47
3071	-	47
3072	-	47
3073	-1	47
3074		48
3075		48
3076		48
3077	 	48
3078		48
3079		48
3080		48
3081	 ( )	48
3082		48
3083		48
3084		48
3085		48
3086		48
3087	 ( )	48
3088		48
3089		48
3090		48
3091	 ( )	48
3092		48
3093		48
3094		48
3095		48
3096		48
3097		48
3098		48
3099		48
3100	 ( )	48
3101	 ( )	48
3102		48
3103		48
3104		48
3105		48
3106		48
3107	 ( )	48
3108		48
3109		48
3110		48
3111	 	48
3112		48
3113		48
3114	 ( )	48
3115		48
3116	 ( )	48
3117	 ( )	48
3118		48
3119		48
3120	 ( )	48
3121		48
3122		48
3123	 ( )	48
3124		48
3125		48
3126		48
3127	-	48
3128		48
3129		48
3130		48
3131		49
3132	 ( )	49
3133		49
3134		49
3135		49
3136		49
3137		49
3138	-	49
3139		49
3140		49
3141	 ( )	49
3142	 	49
3143		49
3144	-	49
3145	-	49
3146		50
3147	 	50
3148		50
3149		50
3150		50
3151		50
3152	 	50
3153	 ( )	50
3154		50
3155		50
3156		50
3157		50
3158		50
3159	 ( )	50
3160		50
3161		50
3162		50
3163		50
3164		50
3165		50
3166		50
3167	 	50
3168		50
3169		50
3170	 ( )	50
3171		50
3172		50
3173	 	50
3174		50
3175		50
3176		50
3177		50
3178		50
3179		50
3180		50
3181		50
3182		50
3183	 	50
3184	-	50
3185		50
3186	-	50
3187		50
3188		50
3189		50
3190		50
3191		50
3192		50
3193	 ( )	50
3194		50
3195		50
3196		51
3197	 	51
3198	 	51
3199		51
3200		51
3201		51
3202		51
3203		51
3204		51
3205		51
3206	 ( )	51
3207		51
3208	  ( )	51
3209		51
3210		51
3211	 ( )	51
3212		51
3213		51
3214		51
3215		51
3216	 	51
3217		51
3218		51
3219		51
3220	 ( )	51
3221		51
3222		51
3223		51
3224		51
3225		51
3226		51
3227		51
3228	 	51
3229		51
3230		51
3231		51
3232		51
3233		51
3234		51
3235	  ( )	51
3236	 	51
3237		51
3238	-	51
3239		51
3240		51
3241		51
3242		51
3243		52
3244		52
3245		52
3246	 ( )	52
3247		52
3248	 	52
3249		52
3250		52
3251		52
3252		52
3253		52
3254		52
3255		52
3256		52
3257		52
3258		52
3259		52
3260		52
3261		52
3262		52
3263		52
3264		52
3265		52
3266		52
3267		52
3268		52
3269		52
3270		52
3271		52
3272		52
3273		52
3274		52
3275		52
3276		52
3277		52
3278		52
3279		52
3280		52
3281		52
3282		52
3283		52
3284		52
3285		52
3286		52
3287		52
3288		52
3289		52
3290	 	52
3291		53
3292		53
3293	 ()	53
3294		53
3295		53
3296		53
3297		53
3298	 	53
3299	 	53
3300		53
3301		53
3302		53
3303		53
3304		53
3305		53
3306		53
3307		53
3308		53
3309		53
3310		53
3311		53
3312		53
3313	 ()	53
3314		53
3315		53
3316		53
3317		53
3318		53
3319		53
3320		53
3321		53
3322	--	53
3323		53
3324		53
3325		53
3326		53
3327		53
3328		53
3329		53
3330		53
3331		53
3332	 ()	53
3333		53
3334	-	53
3335		53
3336	 	53
3337	 	53
3338	 	53
3339		53
3340		53
3341		53
3342	 ( )	53
3343		53
3344		53
3345		53
3346	 ()	53
3347		53
3348		53
3349		53
3350		53
3351		53
3352		53
3353		53
3354		53
3355		53
3356		53
3357	-	53
3358		53
3359		53
3360		53
3361	- 	53
3362	-	53
3363	-	53
3364	-	53
3365		53
3366		53
3367		53
3368		53
3369		53
3370		53
3371		53
3372		53
3373		53
3374		53
3375		54
3376		54
3377		54
3378		54
3379		54
3380		54
3381		54
3382		54
3383		54
3384		54
3385		54
3386		54
3387		54
3388		54
3389		54
3390		54
3391		54
3392		54
3393		54
3394		54
3395	 ( )	54
3396		54
3397		54
3398		54
3399		54
3400		54
3401		54
3402		54
3403		54
3404		54
3405		54
3406		54
3407		54
3408	-	54
3409		54
3410		54
3411		54
3412		54
3413		55
3414		55
3415		55
3416		55
3417	 	55
3418		55
3419		55
3420		55
3421		55
3422		55
3423		55
3424		55
3425		55
3426		55
3427		55
3428		55
3429		55
3430		55
3431	-	55
3432	 	55
3433		55
3434		55
3435		55
3436		55
3437		55
3438		55
3439		55
3440		55
3441	 	55
3442		55
3443		55
3444		55
3445		55
3446		55
3447	 	55
3448	 	55
3449	 	55
3450		55
3451		55
3452		55
3453	 	55
3454		55
3455		55
3456		55
3457		55
3458	 ( )	55
3459		55
3460	 ( )	55
3461		55
3462		55
3463		55
3464		55
3465		55
3466		55
3467	 ( )	55
3468	 ( )	55
3469	 ( )	55
3470		55
3471		55
3472		55
3473		55
3474	  . 	55
3475	 ( )	55
3476	 ( )	55
3477		55
3478		55
3479	 ( )	55
3480		55
3481	  ( )	55
3482	 	55
3483		55
3484		55
3485		55
3486		55
3487		55
3488		55
3489		55
3490	 ( )	55
3491		55
3492		55
3493	-	55
3494	 	55
3495		56
3496	 	56
3497		56
3498		56
3499		56
3500		56
3501		56
3502	-	56
3503		56
3504		56
3505		56
3506	 	56
3507		56
3508		56
3509		56
3510		56
3511		56
3512		56
3513		56
3514		56
3515		56
3516		56
3517		56
3518		56
3519		56
3520		56
3521		56
3522		56
3523		56
3524		56
3525		56
3526	 	56
3527		56
3528		56
3529		56
3530		56
3531	 	56
3532		56
3533		56
3534		56
3535	 ( )	56
3536		56
3537	 	56
3538	 ( )	56
3539		56
3540		56
3541		56
3542		56
3543		56
3544		56
3545	 ( )	56
3546		56
3547		56
3548		56
3549	  	56
3550		56
3551		56
3552		56
3553		56
3554		56
3555		56
3556		56
3557	 	56
3558		56
3559		56
3560		56
3561	-	56
3562		56
3563		56
3564		56
3565		56
3566		56
3567		56
3568		56
3569		56
3570		56
3571		56
3572		56
3573		56
3574		56
3575		56
3576		56
3577		56
3578		57
3579		57
3580	 	57
3581		57
3582		57
3583	 	57
3584		57
3585		57
3586		57
3587	 ( )	57
3588	 ( )	57
3589	-	57
3590		57
3591	 ( )	57
3592		57
3593		57
3594		57
3595	 ( )	57
3596	 ( )	57
3597		57
3598		57
3599		57
3600	 ( )	57
3601		57
3602		57
3603	 ( )	57
3604		57
3605		57
3606		57
3607	 	57
3608		57
3609	-	57
3610	 	57
3611		57
3612		57
3613		57
3614		57
3615		57
3616		57
3617		57
3618		57
3619		57
3620		57
3621		57
3622		57
3623		57
3624		57
3625		57
3626		57
3627		57
3628	 ( )	57
3629	 	57
3630		57
3631		57
3632		57
3633		57
3634		57
3635		57
3636		57
3637		57
3638	 ( )	57
3639		58
3640		58
3641		58
3642		58
3643		58
3644		58
3645	 ( )	58
3646		58
3647		58
3648		58
3649		58
3650		58
3651		58
3652		58
3653		58
3654	--	58
3655		58
3656		58
3657		58
3658		58
3659		58
3660	 ( )	58
3661		58
3662		58
3663		58
3664		58
3665		58
3666		58
3667		58
3668		58
3669		58
3670		58
3671		58
3672		58
3673	 	58
3674		58
3675		58
3676	-	58
3677		59
3678	 ( )	59
3679		59
3680		59
3681	 	59
3682		59
3683		59
3684		59
3685		59
3686	 	59
3687	 ( )	59
3688	 	59
3689		59
3690		59
3691		59
3692		59
3693	 	59
3694		59
3695		59
3696		59
3697	 	59
3698		59
3699		59
3700	 ( )	59
3701		59
3702		59
3703	 ( )	59
3704		59
3705	 ( )	59
3706		59
3707		59
3708	 ( )	59
3709	 ( )	59
3710		59
3711		59
3712		59
3713		59
3714	 ( )	59
3715		59
3716		59
3717		59
3718	 ( )	59
3719	 	59
3720		59
3721		59
3722		59
3723		59
3724		59
3725		59
3726		59
3727		59
3728		60
3729		60
3730	 	60
3731		60
3732		60
3733		60
3734		60
3735		60
3736		60
3737		60
3738	-	60
3739		60
3740		60
3741		60
3742	 ( )	60
3743		60
3744		60
3745	 ( )	60
3746		60
3747		60
3748		60
3749		60
3750	 	60
3751	 	60
3752		60
3753		60
3754		60
3755		60
3756		60
3757		60
3758	 	60
3759		60
3760		60
3761		60
3762		60
3763		60
3764		60
3765		60
3766		60
3767	 	60
3768		60
3769	 ( )	60
3770	-	60
3771		60
3772		60
3773	 ( )	60
3774	 ( )	60
3775		60
3776		60
3777	 ( )	60
3778		60
3779		60
3780	 ( )	60
3781		60
3782		60
3783		60
3784		60
3785		60
3786		60
3787		60
3788		60
3789		60
3790		60
3791		60
3792		60
3793		60
3794		61
3795		61
3796		61
3797	 ( )	61
3798		61
3799		61
3800		61
3801		61
3802		61
3803		61
3804		61
3805		61
3806		61
3807		61
3808	 ( )	61
3809	 ( )	61
3810	 	61
3811		61
3812		61
3813		61
3814		61
3815		61
3816		61
3817	 	61
3818	 ( )	61
3819	 	61
3820		61
3821	-1	61
3822	 ( )	61
3823	 	61
3824	 ( )	61
3825	 ( )	61
3826		61
3827		61
3828		61
3829		61
3830	 	61
3831		61
3832		61
3833	 ( )	61
3834		61
3835		61
3836		61
3837	 	61
4083		63
3838	 ( )	61
3839		61
3840		61
3841		61
3842		61
3843		61
3844		61
3845		61
3846		61
3847		61
3848		61
3849		61
3850		61
3851		61
3852		61
3853		61
3854		61
3855		61
3856		61
3857	 ( )	61
3858		61
3859		61
3860		61
3861		61
3862		61
3863		61
3864		61
3865		61
3866		61
3867		61
3868		61
3869	 ( )	61
3870		61
3871		61
3872		61
3873		61
3874		61
3875		61
3876		61
3877		61
3878		61
3879		61
3880		61
3881		61
3882	 	61
3883	 	61
3884	 ( )	61
3885		61
3886		61
3887		61
3888		61
3889		61
3890		61
3891		61
3892		61
3893	 ( )	61
3894		61
3895		61
3896		61
3897		61
3898		61
3899		61
3900	 ( )	61
3901	 ( )	61
3902		61
3903		61
3904		61
3905		61
3906		61
3907	 	61
3908		61
3909	 ( )	61
3910	 ( )	61
3911	 (- )	61
3912		61
3913	 ( )	61
3914		61
3915	 ( )	61
3916		61
3917		61
3918		61
3919		61
3920		61
3921	 ( )	61
3922		61
3923	 	61
3924		61
3925		61
3926	 	61
3927		61
3928		61
3929		61
3930	-	61
3931		61
3932		61
3933	 ( )	61
3934		61
3935		61
3936	  9 	61
3937	-	61
3938		61
3939		61
3940	-	61
3941		61
3942		61
3943	 	61
3944	 ( )	61
3945	 ( )	61
3946		61
3947	 ( )	61
3948		61
3949		61
3950	 	61
3951		61
3952		61
3953		61
3954		61
3955	 	61
3956		61
3957		61
3958	 ( )	61
3959	 ( )	61
3960		61
3961		61
3962		61
3963	 	61
3964	 ( )	61
3965		61
3966	 ( )	61
3967		61
3968		61
3969		61
3970		61
3971	 ( )	61
3972		61
3973		61
3974		61
3975	  ( )	61
3976		61
3977	 ( )	61
3978		62
3979	 ( )	62
3980	 ( )	62
3981		62
3982		62
3983		62
3984		62
3985	 	62
3986	 	62
3987	 	62
3988	 	62
3989	 	62
3990		62
3991		62
3992	 	62
3993	 	62
3994		62
3995		62
3996	 ( )	62
3997		62
3998		62
3999		62
4000		62
4001	 ( )	62
4002		62
4003		62
4004	 ( )	62
4005		62
4006		62
4007		62
4008		62
4009	 	62
4010	 ( )	62
4011		62
4012		62
4013	 ( )	62
4014		62
4015		62
4016		62
4017		62
4018		62
4019	  ( )	62
4020	-	62
4021		62
4022		62
4023		62
4024		62
4025	 ( )	62
4026	 ( )	62
4027		62
4028	 	62
4029		62
4030	 ( )	62
4031		62
4032		62
4033		62
4034		62
4035		62
4036	 ( )	62
4037		62
4038	 	62
4039	 	62
4040	 	62
4041	 ( )	62
4042		62
4043		62
4044		62
4045	 ( )	62
4046		62
4047		62
4048		62
4049	 	62
4050		62
4051		62
4052		62
4053	 ( )	62
4054	 	62
4055		62
4056		62
4057		62
4058		62
4059		62
4060		62
4061		62
4062	 	62
4063	 	62
4064	 	62
4065	 ( )	62
4066		62
4067		62
4068	 ( )	62
4069		62
4070		62
4071	-	62
4072		62
4073		62
4074		62
4075	 ( )	62
4076		62
4077		62
4078		62
4079		62
4080		62
4081		62
4082		63
4084		63
4085		63
4086		63
4087		63
4088		63
4089	 	63
4090		63
4091	 	63
4092	 	63
4093	 	63
4094	 	63
4095	 	63
4096		63
4097		63
4098		63
4099		63
4100	-	63
4101		63
4102		63
4103		63
4104		63
4105		63
4106	 ( )	63
4107		63
4108	 ( )	63
4109	 ( )	63
4110		63
4111		63
4112		63
4113		63
4114	 ( )	63
4115		63
4116		63
4117		63
4118		63
4119	-	63
4120		63
4121	 	63
4122	 	63
4123	 	63
4124		63
4125		63
4126		63
4127	 ( )	63
4128		63
4129		63
4130		63
4131		63
4132		63
4133		63
4134	 	63
4135		13
4136	 ( )	13
4137		13
4138		13
4139	 ( )	13
4140	 ( )	13
4141	 ( )	13
4142		13
4143		13
4144	 	13
4145	 	13
4146	 	13
4147	 	13
4148	 	13
4149	 	13
4150	 ( )	13
4151	 ( )	13
4152	 	13
4153	 	13
4154	 ( )	13
4155	 	13
4156		13
4157	 ( )	13
4158		13
4159		13
4160		13
4161		13
4162	 	13
4163	 ( )	13
4164	 ( )	13
4165		13
4166		13
4167		13
4168		13
4169		13
4170		13
4171	 ( )	13
4172		13
4173		13
4174	-	13
4175		13
4176		13
4177	 ( )	13
4178	 	13
4179	 ( )	13
4180		13
4181	 ( )	13
4182	 	13
4183	  ( )	13
4184		13
4185		13
4186		13
4187	 ( )	13
4188	 ( )	13
4189	 ( )	13
4190	 ( )	13
4191	 	13
4192	 	13
4193	 	13
4194	 ( )	13
4195		13
4196		13
4197	 ( )	13
4198		13
4199	 ( )	13
4200	 ( )	13
4201		13
4202	 	13
4203		13
4204	 	13
4205	 	13
4206	 	13
4207		13
4208	 ( )	13
4209		13
4210		13
4211	 	13
4212		13
4213		13
4214	 ( )	13
4215		13
4216	 ( )	13
4217		13
4218		13
4219	 	13
4220		13
4221		13
4222		13
4223		13
4224		13
4225	 ( )	13
4226	 ( )	13
4227	 ( )	13
4228	 ( )	13
4229		13
4230		13
4231		13
4232		13
4233		13
4234		13
4235		13
4236		13
4237		13
4238		13
4239	 	13
4240	 	13
4241		13
4242	 	13
4243	 	13
4244		13
4245	 	13
4246	 ( )	13
4247		13
4248		13
4249		13
4250	-	13
4251	 ( )	13
4252		13
4253	 ( )	13
4254		13
4255		13
4256		13
4257	-	13
4258		13
4259		13
4260		13
4261		13
4262		13
4263		13
4264	 ( )	13
4265		13
4266	 ( )	13
4267	 	13
4268	 ( )	13
4269	 	64
4270	 	64
4271		64
4272		64
4273	 	64
4274		64
4275		64
4276		64
4277		64
4278		64
4279		64
4280	 	64
4281	 ( )	64
4282	 	64
4283	 	64
4284	 	64
4285	-	64
4286		64
4287	 	64
4288		64
4289		64
4290	 ( )	64
4291	 ( )	64
4292	 ( )	64
4293		64
4294		64
4295	 ( )	64
4296		64
4297	 ( )	64
4298	 ( ,  )	64
4299		64
4300		64
4301		64
4302		64
4303	 ( )	64
4304		64
4305		64
4306		64
4307		64
4308		64
4309		64
4310		64
4311	 ( )	64
4312	 	64
4313	 	64
4314		64
4315	 ( )	64
4316		64
4317	 	64
4318		64
4319	 ( )	64
4320		64
4321	 	64
4322	 ( )	64
4323	 	64
4324		64
4325		64
4326		64
4327	 	64
4328	-	64
4329	 	64
4330	 ( )	64
4331		64
4332		64
4333	 	64
4334		64
4335		64
4336	 ( )	64
4337		64
4338		64
4339		64
4340		64
4341		64
4342	 ( )	64
4343	 . 	64
4344		64
4345		64
4346	 ( )	64
4347		64
4348		64
4349		64
4350	 ( )	64
4351		64
4352		64
4353		64
4354		64
4355		64
4356		64
4357	 ( )	64
4358	 ( )	64
4359		64
4360		64
4361		64
4362		64
4363	 ( )	64
4364		64
4365	 	64
4366		64
4367		64
4368	 	64
4369	 ( ,  )	64
4370		64
4371		64
4372	 	64
4373	 ( )	64
4374		64
4375		64
4376		64
4377		64
4378		64
4379		64
4380		64
4381		64
4382		64
4383	 	64
4384		64
4385		64
4386		64
4387		65
4388		65
4389		65
4390	 	65
4391		65
4392		65
4393	 	65
4394		65
4395	 	65
4396	 	65
4397	 	65
4398	 	65
4399		65
4400	  ( )	65
4401		65
4402		65
4403		65
4404		65
4405	-	65
4406		65
4407		65
4408	  ( )	65
4409		65
4410	 ( )	65
4411		65
4412	 ( )	65
4413		65
4414		65
4415		65
4416		65
4417		65
4418	 	65
4419		65
4420	 	65
4421	-	65
4422		65
4423		65
4424	 ( )	65
4425	 ( )	65
4426	 ( )	65
4427	--	65
4428	 	65
4429	 	65
4430	 ( )	65
4431	 ( )	65
4432		65
4433		65
4434	 ( )	65
4435	 ( )	65
4436	 ( )	65
4437		65
4438	 (   )	65
4439		65
4440		65
4441	 ( )	65
4442		65
4443		65
4444		65
4445	 ( )	65
4446		65
4447		65
4448	 	65
4449	 	65
4450	 	65
4451		65
4452		65
4453	 ( )	65
4454		65
4455	 	65
4456	 	65
4457		65
4458		65
4459	 ( )	65
4460		65
4461		65
4462		65
4463		65
4464	-	65
4465	 	65
4466		65
4467		65
4468		65
4469		65
4470		65
4471	 	65
4472		66
4473		66
4474		66
4475	 ( )	66
4476		66
4477	 ( )	66
4478	 1-	66
4479		66
4480	 	66
4481	-	66
4482	 	66
4483	 ( )	66
4484	 ( )	66
4485		66
4486		66
4487		66
4488		66
4489	 	66
4490		66
4491	 ( )	66
4492		66
4493		66
4494		66
4495		66
4496		66
4497		66
4498		66
4499	 ( )	66
4500		66
4501		66
4502		66
4503		66
4504		66
4505		66
4506		66
4507		66
4508		66
4509		66
4510		66
4511		66
4512		66
4513		66
4514		66
4515		66
4516		66
4517		66
4518		66
4519		66
4520		66
4521		66
4522	 	66
4523	 	66
4524	 	66
4525		66
4526		66
4527	  ( )	66
4528		66
4529	 	66
4530		66
4531	 	66
4532	 ( )	66
4533		66
4534	 ( )	66
4535		66
4536		66
4537		66
4538		66
4539		66
4540		66
4541	 	66
4542		66
4543		66
4544		66
4545		66
4546		66
4547		66
4548		66
4549		66
4550		66
4551		66
4552	 2-	66
4553		66
4554		66
4555	 	66
4556		66
4557		66
4558		66
4559		66
4560		66
4561	 ( )	66
4562	-	66
4563		66
4564		66
4565		66
4566		66
4567		66
4568	 ( )	66
4569	 ( )	66
4570		66
4571		66
4572	 ( )	66
4573		66
4574		66
4575	 ( )	66
4576		66
4577		66
4578	 	66
4579	 ( )	66
4580		66
4581		66
4582	-	66
4583	 ( )	66
4584		66
4585		66
4586		66
4587		66
4588		66
4589		66
4590		66
4591		66
4592		66
4593		66
4594		66
4595		66
4596		66
4597	 ( )	18
4598		18
4599		18
4600		18
4601	 ( )	18
4602		18
4603		18
4604		18
4605		18
4606	 ( )	18
4607		18
4608		18
4609		18
4610	 ( ,  )	18
4611		18
4612		18
4613		18
4614	 	18
4615	 	18
4616	 	18
4617	 	18
4618	 	18
4619		18
4620		18
4621		18
4622		18
4623		18
4624		18
4625		18
4626		18
4627		18
4628	-	18
4629		18
4630	-	18
4631	 	18
4632	 	18
4633	-	18
4634	-	18
4635		18
4636	 ( )	18
4637	-	18
4638	 ( )	18
4639	 ( )	18
4640		18
4641		18
4642		18
4643		18
4644		18
4645	 ( )	18
4646		18
4647		18
4648		18
4649		18
4650	 ( )	18
4651		18
4652	 ( )	18
4653	 ( )	18
4654		18
4655		18
4656		18
4657		18
4658	 ( )	18
4659	 ( )	18
4660		18
4661		18
4662		18
4663	 ( )	18
4664	 ( )	18
4665		18
4666	 ( )	18
4667		18
4668	 	18
4669		18
4670		18
4671		18
4672		18
4673	 ( )	18
4674		18
4675		18
4676	 ( ,  )	18
4677	 ( )	18
4678		18
4679		18
4680	 ( )	18
4681		18
4682		18
4683		18
4684	-1	18
4685	 	18
4686	 	18
4687		18
4688		18
4689		18
4690		18
4691		18
4692		18
4693		18
4694		18
4695		18
4696	-	18
4697		18
4698		18
4699	 ( )	18
4700		18
4701	 ( )	18
4702		18
4703	 ( )	18
4704	 	18
4705		18
4706	 ( )	18
4707		18
4708		18
4709	 ( )	18
4710		18
4711		18
4712		18
4713		18
4714	 	18
4715	 	18
4716	 ( )	18
4717		18
4718	 	18
4719		18
4720		18
4721		18
4722		18
4723		18
4724	 ( )	18
4725	 ( )	18
4726		18
4727		18
4728		18
4729		18
4730		18
4731		18
4732		18
4733		18
4734		18
4735		18
4736		18
4737		18
4738		18
4739		18
4740		18
4741		18
4742		18
4743		18
4744		18
4745		18
4746		18
4747		18
4748		18
4749	 ( )	18
4750	 ( )	18
4751	 	18
4752		18
4753		18
4754		18
4755		18
4756		18
4757		18
4758	 	18
4759	 	18
4760	 	18
4761		18
4762		18
4763		18
4764		18
4765		18
4766		18
4767	 ( )	18
4768		18
4769		18
4770		18
4771	-	18
4772		18
4773	 	18
4774		18
4775	 ( )	18
4776		18
4777	 ( )	18
4778	 ( )	18
4779		18
4780		18
4781	 	18
4782		18
4783		18
4784		18
4785		18
4786		18
4787		18
4788		18
4789		18
4790	 ( )	18
4791		18
4792		18
4793	-	18
4794	-	18
4795	-	18
4796	-	18
4797	-	18
4798		18
4799		18
4800		18
4801		18
4802		18
4803	  3- 	18
4804		18
4805		18
4806		18
4807		18
4808		18
4809		18
4810	 ( )	18
4811		18
4812		18
4813		18
4814		18
4815	 	18
4816	 ( )	18
4817		18
4818		18
4819	-	18
4820	 	18
4821		18
4822		18
4823		18
4824		18
4825		18
4826		15
4827		15
4828		15
4829		15
4830		15
4831		15
4832		15
4833	 ( )	15
4834	 ( , )	15
4835	 ( , )	15
4836	-2	15
4837	 (, )	15
4838		15
4839		15
4840		15
4841		15
4842	 ( )	15
4843		15
4844		15
4845		15
4846		15
4847		15
4848		15
4849		15
4850	-	15
4851	 	15
4852		15
4853		15
4854		15
4855		15
4856		15
4857	 ( )	15
4858	 	15
4859		15
4860	 	15
4861		15
4862		15
4863		15
4864		15
4865		15
4866		15
4867	-	15
4868		15
4869		15
4870	 	15
4871	 	15
4872	 	15
4873	 ( )	15
4874		15
4875		15
4876		15
4877		15
4878		15
4879	 ( , )	15
4880		15
4881		15
4882		15
4883		15
4884		15
4885		15
4886		15
4887		15
4888	 ()	15
4889		15
4890		15
4891		15
4892		15
4893		15
4894		15
4895		15
4896		15
4897	-	15
4898		15
4899		15
4900		15
4901		15
4902		15
4903		15
4904		15
4905		15
4906		15
4907	 ()	15
4908		15
4909		15
4910		15
4911	 ( , )	15
4912		15
4913		15
4914		15
4915		15
4916		15
4917		15
4918		15
4919	-	15
4920	-	15
4921		15
4922		15
4923	-	15
4924	 ( )	15
4925	-	15
4926		15
4927	-	15
4928	 	15
4929	  ( , )	15
4930		15
4931		15
4932	  ( )	15
4933	 	15
4934		15
4935		15
4936		15
4937		15
4938		15
4939		15
4940		15
4941	 ()	15
4942		15
4943		15
4944	 ()	15
4945		15
4946		15
4947		15
4948		15
4949		15
4950		15
4951		15
4952		15
4953	 ()	15
4954	 ( )	15
4955		15
4956		15
4957		15
4958		15
4959		15
4960		15
4961		15
4962	 ( )	15
4963	 ( )	15
4964	 ( , )	15
4965	 ( , )	15
4966		15
4967		15
4968		15
4969	 ( , )	15
4970		15
4971		15
4972		15
4973		15
4974		15
4975		15
4976		15
4977		15
4978	 	15
4979	 	15
4980		15
4981	 ( , )	15
4982	-	15
4983		15
4984		15
4985		15
4986		15
4987		15
4988	 	15
4989	 	15
4990	 	15
4991		15
4992	 ( )	15
4993		15
4994		15
4995		15
4996	 ( )	15
4997	 ( )	15
4998		15
4999	 ( )	15
5000		15
5001	 ( )	15
5002		15
5003	 ( , )	15
5004	 ( )	15
5005		15
5006		15
5007		15
5008		15
5009		15
5010		15
5011		15
5012	 1- 	15
5013	  1-	15
5014	      	15
5015		15
5016		15
5017		15
5018		15
5019		15
5020		15
5021		15
5022		15
5023		15
5024		15
5025		15
5026		15
5027		15
5028		15
5029		15
5030		15
5031	 	15
5032	 	15
5033	 	15
5034		15
5035		15
5036		15
5037		15
5038		15
5039	 ( )	15
5040		15
5041		15
5042		15
5043		15
5044	-	15
5045		15
5046		15
5047		15
5048		15
5049		15
5050	 ( )	15
5051		15
5052		15
5053		15
5054		15
5055	-	15
5056		15
5057		15
5058	-	15
5059		15
5060		15
5061		15
5062		15
5063		15
5064		15
5065		15
5066	 ( )	15
5067	-	15
5068		15
5069		15
5070	 ( )	15
5071		15
5072		15
5073		15
5074		15
5075		15
5076		15
5077		15
5078	-	15
5079		15
5080		15
5081	 ( , )	15
5082		15
5083		15
5084		15
5085		15
5086		15
5087		15
5088		15
5089		15
5090		15
5091	 ( )	15
5092		5
5093	 ( )	5
5094		5
5095		5
5096	 ( )	5
5097		5
5098		5
5099		5
5100		5
5101		5
5102		5
5103	 ( )	5
5104		5
5105		5
5106		5
5107		5
5108		5
5109		5
5110		5
5111	 ( )	5
5112	 ( )	5
5113		5
5114		5
5115		5
5116		5
5117		5
5118	 	5
5119		5
5120		5
5121		5
5122		5
5123		5
5124	 	5
5125	-	5
5126	 	5
5127	 	5
5128	 	5
5129	 	5
5130	 	5
5131	 	5
5132	 	5
5133		5
5134		5
5135		5
5136	 ( )	5
5137		5
5138	 ( )	5
5139	 ( )	5
5140		5
5141	 ( )	5
5142	 (  )	5
5143		5
5144		5
5145		5
5146	 	5
5147		5
5148		5
5149		5
5150		5
5151		5
5152	-	5
5153		5
5154		5
5155		5
5156	 ( )	5
5157	 ( )	5
5158	 (  )	5
5159		5
5160		5
5161		5
5162		5
5163		5
5164		5
5165		5
5166		5
5167	 ( )	5
5168		5
5169		5
5170	-	5
5171		5
5172		5
5173		5
5174	 ( )	5
5175		5
5176	 ( )	5
5177		5
5178		5
5179		5
5180	 ( )	5
5181	 ( )	5
5182		5
5183		5
5184		5
5185	 ( )	5
5186		5
5187	 ( )	5
5188		5
5189	 	5
5190		5
5191	 ( )	5
5192	 (  )	5
5193		5
5194		5
5195		5
5196		5
5197		5
5198		5
5199		5
5200		5
5201		5
5202	 	5
5203		5
5204		5
5205		5
5206		5
5207	 ( )	5
5208		5
5209		5
5210		5
5211		5
5212		5
5213		5
5214		5
5215		5
5216	 ( )	5
5217		5
5218		5
5219		5
5220	 ( )	5
5221		5
5222		5
5223		5
5224		5
5225	-	5
5226	 ( )	5
5227	 	5
5228	 	5
5229	 	5
5230	 	5
5231	 	5
5232	-	5
5233		5
5234	 	5
5235	  ( )	5
5236	 ( )	5
5237		5
5238		5
5239		5
5240		5
5241		5
5242	 (  )	5
5243		5
5244		5
5245	 ( )	5
5246		5
5247	 (  )	5
5248		5
5249		5
5250		5
5251	 ( )	5
5252	 ( )	5
5253	 ( )	5
5254		5
5255	 ( )	5
5256	 ( )	5
5257	-	5
5258		5
5259		5
5260		5
5261	 (   )	5
5262		5
5263		5
5264	 ( )	5
5265	 ( )	5
5266		5
5267	 ( )	5
5268		5
5269		5
5270		5
5271	 ( )	5
5272	 ( )	5
5273	 ( )	5
5274		5
5275		5
5276		5
5277	 ( )	5
5278		5
5279		5
5280		5
5281	 ( )	5
5282	 ( )	5
5283	 ( )	5
5284		5
5285		5
5286		5
5287		5
5288		5
5289		5
5290	 	5
5291	-	5
5292		5
5293		5
5294	 	5
5295		5
5296	 ( )	5
5297		5
5298		5
5299		5
5300		5
5301	 ( )	5
5302	 	5
5303	 ( )	5
5304		5
5305		5
5306		5
5307	 	5
5308		5
5309	 ( )	5
5310		5
5311	-	5
5312	 ( )	5
5313		5
5314		5
5315	 ( )	5
5316		5
5317		5
5318		5
5319	 ( )	5
5320		5
5321		5
5322	 ( )	5
5323		5
5324	 ( )	5
5325	 (  )	5
5326		5
5327		5
5328		5
5329		67
5330	 ( )	67
5331		67
5332		67
5333		67
5334		67
5335		67
5336		67
5337	 	67
5338	 ( )	67
5339		67
5340		67
5341		67
5342		67
5343		67
5344		67
5345		67
5346	 ( )	67
5347		67
5348		67
5349		67
5350		67
5351		67
5352		67
5353	 ( )	67
5354		67
5355		67
5356		67
5357		67
5358	 ( )	67
5359		67
5360	 ( )	67
5361	 	67
5362	 	67
5363		67
5364		67
5365	 ( )	67
5366		67
5367		67
5368		67
5369	 ( )	67
5370		67
5371		67
5372	-	67
5373	 ( )	67
5374		67
5375		67
5376	 ( )	67
5377		67
5378		67
5379		67
5380		67
5381		67
5382	 ( )	67
5383		67
5384		67
5385		67
5386		67
5387		67
5388		67
5389		67
5390	 ( )	67
5391		68
5392	 (-  - )	68
5393		68
5394		68
5395		68
5396		68
5397	  (- )	68
5398		68
5399		68
5400		68
5401		68
5402	 	68
5403		68
5404		68
5405		68
5406		68
5407		68
5408		68
5409		68
5410		68
5411		68
5412		68
5413		68
5414		68
5415	-	68
5416		68
5417		68
5418		68
5419		68
5420		68
5421		68
5422		68
5423		68
5424	 	68
5425		68
5426	 (- )	68
5427		68
5428		68
5429		68
5430		68
5431		68
5432		68
5433		68
5434	 (- )	68
5435		68
5436	 (- )	68
5437		68
5438		68
5439		68
5440		68
5441		68
5442		68
5443	-	68
5444	 (-  - )	68
5445		68
5446		68
5447		68
5448		68
5449		68
5450	 (- )	68
5451		68
5452	 (- )	68
5453		68
5454		68
5455		68
5456		68
5457		68
5458	-	68
5459		68
5460		68
5461	-	68
5462		68
5463	-	68
5464		68
5465		68
5466		68
5467		68
5468		68
5469		68
5470		68
5471		11
5472		11
5473	 ( )	11
5474		11
5475		11
5476		11
5477		11
5478		11
5479		11
5480		11
5481		11
5482	 ( )	11
5483		11
5484	 	11
5485		11
5486		11
5487		11
5488	 ( )	11
5489		11
5490	 ( )	11
5491		11
5492		11
5493	 	11
5494		11
5495		11
5496	 ( )	11
5497		11
5498		11
5499		11
5500		11
5501		11
5502	 ( )	11
5503		11
5504		11
5505		11
5506		11
5507	 ( )	11
5508		11
5509		11
5510		11
5511		11
5512	-	11
5513		11
5514		11
5515		11
5516		11
5517		11
5518		11
5519		11
5520		11
5521	 ( )	11
5522		11
5523	 ( )	11
5524		11
5525		11
5526		11
5527		11
5528		11
5529		11
5530		11
5531		11
5532		11
5533	 ( )	11
5534	 ( )	11
5535		11
5536	 ( )	11
5537	 ( )	11
5538		11
5539		11
5540		11
5541		11
5542	 ( )	11
5543		11
5544	 	11
5545		11
5546		11
5547		11
5548	 	11
5549		11
5550		11
5551		11
5552	 ( )	11
5553	 ( )	11
5554	 ( )	11
5555		11
5556		11
5557	 ( )	11
5558		11
5559		11
5560		11
5561		11
5562	-1	11
5563	 ( )	11
5564		11
5565	 	11
5566	 ( )	11
5567		11
5568	 ( )	11
5569	 ( )	11
5570		11
5571		11
5572		11
5573		11
5574		11
5575		11
5576		11
5577		11
5578	 ( )	11
5579		11
5580		11
5581	 ( )	11
5582		11
5583		11
5584		11
5585	 ( )	11
5586		11
5587	-	11
5588	 ( )	11
5589	 ( )	11
5590		11
5591		11
5592	 ( )	11
5593		11
5594		11
5595		11
5596		11
5597	 ( )	11
5598		11
5599		69
5600		69
5601		69
5602		69
5603	-	69
5604	 (- )	69
5605		69
5606		69
5607	 (- )	69
5608		69
5609		69
5610		69
5611		69
5612		69
5613		69
5614		69
5615	 	69
5616		69
5617	 	69
5618	 	69
5619		69
5620		69
5621		69
5622	 (- )	69
5623		69
5624		69
5625		69
5626		69
5627		69
5628		69
5629	-1	69
5630	 (- )	69
5631		69
5632		69
5633		69
5634		69
5635		69
5636		69
5637	-	69
5638		69
5639		69
5640		69
5641		69
5642		69
5643	 (- )	69
5644	-	69
5645		69
5646	 (- )	70
5647		70
5648		70
5649		70
5650		70
5651		70
5652		70
5653		70
5654	 	70
5655		70
5656		70
5657		70
5658		70
5659		70
5660		70
5661	 (-)	70
5662		70
5663	 (-)	70
5664		70
5665		70
5666		70
5667		70
5668		70
5669	-	70
5670	 (-)	70
5671		70
5672		70
5673		70
5674		70
5675		70
5676	 	70
5677	-	70
5678		70
5679		70
5680		70
5681		70
5682		70
5683		70
5684		70
5685		70
5686		70
5687	 	70
5688		70
5689	 (-)	70
5690		70
5691		70
5692	-	71
5693	-	71
5694		71
5695	-	71
5696		71
5697		71
5698		71
5699		71
5700	  (-)	71
5701		71
5702		71
5703		71
5704		71
5705	 (-)	71
5706		71
5707		71
5708	-	71
5709	 (-)	71
5710		71
5711		71
5712	-	71
5713		71
5714		71
5715	 (-)	71
5716		71
5717	-	71
5718		71
5719		12
5720	-	12
5721		12
5722	 ( )	12
5723	-	12
5724		12
5725		12
5726		12
5727	 ( )	12
5728		12
5729	 ( )	12
5730		12
5731	-	12
5732		12
5733		12
5734		12
5735	-	12
5736		12
5737		12
5738		12
5739		12
5740	-	12
5741		12
5742		12
5743		12
5744		12
5745		12
5746		12
5747		12
5748		12
5749		12
5750		12
5751		12
5752		12
5753		12
5754		12
5755	 	12
5756	 	12
5757		12
5758		12
5759		12
5760		12
5761	 ( )	12
5762		12
5763		12
5764		12
5765		12
5766		12
5767		12
5768		12
5769		12
5770	 	12
5771		12
5772		12
5773		12
5774	 	12
5775		12
5776		12
5777		12
5778		12
5779		12
5780		12
5781	 ( )	12
5782		12
5783		12
5784	 ( )	12
5785	 ( )	12
5786	 ( )	12
5787	 (  - )	12
5788	 ( )	12
5789		12
5790	 ( )	12
5791		12
5792		12
5793	 ( )	12
5794	 ( )	12
5795		12
5796	 ( )	12
5797		12
5798	 ( )	12
5799		12
5800		12
5801		12
5802		12
5803		12
5804		12
5805		12
5806		12
5926		12
5807	 ( )	12
5808	 ( )	12
5809		12
5810		12
5811	 	12
5812	 	12
5813	 	12
5814		12
5815		12
5816	 	12
5817		12
5818		12
5819		12
5820		12
5821		12
5822		12
5823		12
5824		12
5825		12
5826		12
5827	 	12
5828	 ( )	12
5829		12
5830		12
5831		12
5832		12
5833	 	12
5834	 ( )	12
5835		12
5836	-	12
5837		12
5838		12
5839		12
5840	 ( )	12
5841		12
5842		12
5843		12
5844		12
5845		12
5846	 ( )	12
5847		12
5848		12
5849		12
5850		12
5851		12
5852		12
5853		12
5854	 ( )	12
5855		12
5856		12
5857		12
5858	 ( )	12
5859		12
5860		12
5861	 ( )	12
5862	 ( )	12
5863		12
5864	 ( )	12
5865		12
5866		12
5867	 ( )	12
5868		12
5869		12
5870	 	12
5871		12
5872	 ( )	12
5873	 ( )	12
5874		12
5875		12
5876	  ( )	12
5877	  ( )	12
5878		12
5879		12
5880	 	12
5881	 ( )	12
5882		12
5883		12
5884		12
5885		12
5886		12
5887		12
5888		12
5889		12
5890	 	12
5891		12
5892		12
5893		12
5894		12
5895	 ( )	12
5896	 	12
5897	 ( )	12
5898		12
5899	 ( )	12
5900		12
5901	 ( )	12
5902		12
5903		12
5904		12
5905		12
5906		12
5907		12
5908		12
5909		12
5910		12
5911		12
5912		12
5913	 ( )	12
5914		12
5915		12
5916		12
5917		12
5918		12
5919		12
5920		12
5921		12
5922		12
5923		12
5924		12
5925	 ( )	12
5927	 	12
5928		12
5929		12
5930	 ( )	12
5931		12
5932	-	12
5933		12
5934		12
5935		12
5936		12
5937		12
5938		12
5939		12
5940		12
5941		12
5942		12
5943		12
5944		12
5945		12
5946		12
5947		12
5948	 ( )	12
5949		12
5950		12
5951		12
5952		12
5953		12
5954		12
5955		12
5956		12
5957		12
5958		12
5959		12
5960	 ( , )	12
5961	 ( )	12
5962	 ( ,  )	12
5963	 ( )	12
5964	 ( )	12
5965	 ( )	12
5966		12
5967		12
5968	- ( )	12
5969		12
5970	-	12
5971	-	12
5972		12
5973	 ( )	12
5974		12
5975	 	12
5976	 ( )	12
5977	 ( )	12
5978	 ( )	12
5979	 ( )	12
5980		12
5981	 ( )	12
5982		12
5983		12
5984	 ( )	12
5985		12
5986	 ( )	12
5987		12
5988		12
5989		12
5990		12
5991		12
5992		12
5993	   	12
5994	  (- )	12
5995		12
5996	 ( )	12
5997		12
5998		12
5999	-	12
6000		12
6001	 ( )	12
6002		12
6003		12
6004		12
6005		12
6006		12
6007		12
6008	 ( )	12
6009		12
6010		12
6011		12
6012	-	12
6013		12
6014		12
6015		12
6016		12
6017	 	12
6018		12
6019	-	12
6020	 	12
6021	 ( )	12
6022		12
6023	--	12
6024		12
6025		12
6026		12
6027	 ( )	12
6028	 ( )	12
6029	 ( )	12
6030	 ( )	12
6031		12
6032		12
6033	 	12
6034		12
6035	  ( )	12
6036		12
6037		12
6038		12
6039		12
6040		12
6041		12
6042		12
6043		12
6044		12
6045		12
6046		12
6047		12
6048		12
6049		12
6050		12
6051	-	12
6052		12
6053		12
6054	 	12
6055		12
6056		12
6057		12
6058		12
6059		12
6060		12
6061		12
6062		12
6063		12
6064		12
6065		12
6066		12
6067		12
6068		12
6069		12
6070		12
6071		12
6072		12
6073		12
6074		12
6075	 ( )	12
6076	 ( )	12
6077		12
6078	 ( )	12
6079	-	12
6080		12
6081		12
6082		12
6083		12
6084		12
6085		12
6086	  ( )	12
6087		12
6088		12
6089		12
6090		12
6091		12
6092		12
6093		12
6094		12
6095		12
6096	 	12
6097		12
6098		12
6099		12
6100		12
6101		12
6102		12
6103		12
6104	 ( )	12
6105	 ( )	12
6106	 ( )	12
6107		12
6108		12
6109		72
6110		72
6111	 ()	72
6112		72
6113	 ()	72
6114		72
6115		72
6116		72
6117		72
6118		72
6119		72
6120		72
6121		72
6122		72
6123		72
6124	 ()	72
6125	 ()	72
6126		72
6127		72
6128		72
6129		72
6130	 	72
6131		72
6132	 ( )	72
6133		72
6134	 ( )	72
6135		72
6136	- 	72
6137		72
6138	 ( )	72
6139		72
6140		72
6141		72
6142	 ()	72
6143		72
6144		72
6145		72
6146		72
6147		72
6148		72
6149	 ( )	72
6150		72
6151	 ()	73
6152		73
6153		73
6154		73
6155		73
6156		73
6157		73
6158		73
6159		73
6160		73
6161		73
6162	 	73
6163		73
6164		73
6165		73
6166	 	73
6167		73
6168	 ()	73
6169		73
6170	-	73
6171		73
6172	-	73
6173		73
6174		73
6175		73
6176		73
6177		73
6178		73
6179	 ()	73
6180		73
6181	 ()	73
6182	 ( )	73
6183		73
6184	 ()	73
6185	 ()	73
6186		73
6187		73
6188		73
6189		73
6190		73
6191		73
6192	 ()	73
6193	 	73
6194	 	73
6195	 	73
6196		73
6197		73
6198	 	73
6199	 	73
6200	 	73
6201	 	73
6202	 ( )	73
6203		73
6204		73
6205	 ()	73
6206		73
6207		73
6208	-	73
6209		73
6210		73
6211		73
6212		73
6213		73
6214		73
6215		73
6216	-	73
6217	-	73
6218	-	74
6219	 ()	74
6220	 	74
6221		74
6222		74
6223		74
6224		74
6225		74
6226		74
6227		74
6228		74
6229	 ()	74
6230		74
6231		74
6232	 ()	74
6233		74
6234	 ()	74
6235		74
6236		74
6237		75
6238		75
6239		75
6240		75
6241		75
6242		75
6243		75
6244	 ( )	75
6245		75
6246		75
6247		75
6248		75
6249	 ( )	75
6250	 ( )	75
6251	 ( )	75
6252	 ( )	75
6253		75
6254		75
6255	 ( )	75
6256	 ( )	75
6257		75
6258	 (  -)	75
6259	 ( )	75
6260		75
6261		75
6262	 ( )	75
6263		75
6264		75
6265		75
6266		75
6267		75
6268		76
6269	 ( )	76
6270	 ( )	76
6271		76
6272		76
6273		76
6274	 ( )	76
6275		76
6276		76
6277		76
6278		76
6279		76
6280		76
6281		76
6282		76
6283		76
6284		76
6285	 	76
6286		76
6287		76
6288	 ( )	76
6289		76
6290		76
6291		76
6292		76
6293		76
6294	-	76
6295		76
6296		76
6297	 ( )	76
6298		76
6299		76
6300		76
6301	 ( )	76
6302		76
6303		76
6304		76
6305		76
6306	  	76
6307	 ( )	76
6308		76
6309	 ( )	76
6310	 ( )	76
6311		76
6312		76
6313		76
6314		76
6315	 ( )	76
6316	 ( )	76
6317		76
6318	 ( )	76
6319	 ( )	76
6320	 	76
6321	 ( )	76
6322	 ( )	76
6323		76
6324		76
6325		76
6326		76
6327	 ( )	76
6328	 ( )	76
6329		76
6330		76
6331	 	76
6332	 ( )	76
6333		76
6334		76
6335	 ( )	76
6336		76
6337		76
6338		76
6339		76
6340		76
6341	 ( )	76
6342	 ( )	76
6343		76
6344		76
6345		76
6346	  ( )	76
6347	  ( )	76
6348		76
6349	 ( )	76
6350	-	76
6351		76
6352		76
6353		76
6354	-	76
6355		76
6356		76
6357		76
6358		76
6359	 ( )	76
6360		76
6361		76
6362		76
6363	 ( )	76
6364	 ( )	76
6365		76
6366		76
6367		76
6368		76
6369	 	76
6370	  ( )	76
6371		76
6372		76
6373		76
6374	-	76
6375	 ( )	76
6376	 	76
6377		76
6378	 ( )	76
6379		76
6380		76
6381	 	76
6382		76
6383		76
6384		76
6385	 	76
6386		76
6387	 	76
6388	 	76
6389		76
6390	 ( )	76
6391	 	76
6392	 	76
6393	 ( )	76
6394	 ( )	76
6395	 ( )	76
6396		76
6397	 ( )	76
6398		76
6399	 ( )	76
6400		76
6401		76
6402	 	76
6403	-	76
6404		76
6405	  ( )	76
6406	 	76
6407		76
6408		76
6409		76
6410		76
6411		76
6412		76
6413		76
6414		76
6415		76
6416	 ( )	76
6417	 	76
6418	 ( )	76
6419		76
6420	 ( )	76
6421	 ( )	76
6422		76
6423	 ( )	76
6424	 ( )	76
6425		76
6426		76
6427	 ( )	76
6428		76
6429		76
6430		76
6431		76
6432		76
6433	  	76
6434		76
6435		76
6436		76
6437		76
6438		76
6439		76
6440		76
6441		76
6442	 ( )	76
6443		76
6444		76
6445		76
6446		76
6447		76
6448	 	76
6449		76
6450		76
6451	 ( )	76
6452		76
6453		76
6454		76
6455		76
6456	 ( )	76
6457		76
6458		76
6459		76
6460	 ( )	76
6461	 ( )	76
6462	 	76
6463	-	76
6464		76
6465		76
6466	-	76
6467		76
6468		76
6469		76
6470		76
6471	 ( )	76
6472		76
6473	 ( )	76
6474		76
6475	 ( )	76
6476		76
6477	 ( )	76
6478		76
6479	 	76
6480	 ( )	76
6481		76
6482		76
6483		76
6484		76
6485	 ( )	76
6486		76
6487		76
6488	 ( )	76
6489		76
6490		76
6491		76
6492		76
6493		76
6494		76
6495		76
6496		76
6497	  ( )	76
6498		77
6499	 ( )	77
6500	-	77
6501		77
6502		77
6503	-	77
6504	-	77
6505		77
6506		77
6507		77
6508		77
6509		77
6510		77
6511	 ()	77
6512	-	77
6513		77
6514		77
6515	-	77
6516		77
6517	-	77
6518		77
6519		77
6520		77
6521	 	77
6522	-	77
6523	-	77
6524		77
6525		77
6526		77
6527	 ( )	78
6528		78
6529		78
6530		78
6531		78
6532		78
6533		78
6534		78
6535		78
6536	 	78
6537		78
6538		78
6539		78
6540		78
6541		78
6542		78
6543		78
6544		78
6545		78
6546		78
6547		78
6548		78
6549		78
6550		78
6551		78
6552		78
6553	 	78
6554		78
6555		78
6556		78
6557		78
6558		78
6559		79
6560		79
6561		79
6562	 ( )	79
6563		79
6564		79
6565		79
6566		79
6567		79
6568	 	79
6569	 ( )	79
6570	-	79
6571	 ( )	79
6572		79
6573		79
6574		79
6575		79
6576	 	79
6577	 	79
6578		79
6579		79
6580	 	79
6581	 	79
6582		79
6583		79
6584		79
6585		79
6586		79
6587	 ( )	79
6588		79
6589		79
6590		79
6591	 	79
6592	 	79
6593		79
6594		79
6595	 	79
6596		79
6597		79
6598		79
6599	 	79
6600		79
6601		79
6602		79
6603		79
6604		79
6605		79
6606		79
6607		79
6608		79
6609		79
6610		79
6611		79
6612		79
6613		79
6614	 ( )	79
6615	-	79
6616		79
6617		79
6618		79
6619		79
6620	 ( )	79
6621		79
6622		79
6623	 	79
6624		79
6625		79
6626	 ( )	79
6627		79
6628		79
6629		79
6630	 ( )	79
6631		79
6632		79
6633		79
6634	 	79
6635	 ( )	79
6636		79
6637		79
6638		79
6639	-	79
6640		79
6641		79
6642		79
6643		79
6644	 	79
6645		79
6646	-	79
6647		79
6648		79
6649		79
6650		79
6651		79
6652	 ( )	79
6653		79
6654		79
6655		79
6656	 	79
6657	 	79
6658		79
6659		79
6660		79
6661		79
6662		79
6663	 	79
6664		79
6665	 ( )	79
6666	 ( )	79
6667		79
6668		79
6669		79
6670	 ( )	79
6671	 ( )	79
6672		79
6673		79
6674		79
6675		79
6676		79
6677		79
6678		79
6679		79
6680	 ( )	79
6681		79
6682		79
6683	 ( )	79
6684		79
6685	 	79
6686		79
6687		79
6688		79
6689		79
6690		79
6691	 	79
6692	 ( )	79
6693		79
6694	 	79
6695		79
6696		79
6697	 ( )	79
6698		79
6699		79
6700		79
6701		79
6702		79
6703	 ( )	79
6704		79
6705		79
6706		79
6707		79
6708		79
6709		79
6710		79
6711		79
6712		79
6713		79
6714		79
6715		79
6716		79
6717		79
6718		79
6719		79
6720	 	79
6721	 ( )	80
6722	 ( )	80
6723	 	80
6724	 	80
6725		80
6726		80
6727		80
6728	 ( )	80
6729		80
6730	 ( )	80
6731		80
6732		80
6733		80
6734		80
6735		80
6736		80
6737		80
6738	 ( )	80
6739		80
6740		80
6741		80
6742		80
6743	 ( )	80
6744		80
6745		80
6746		80
6747		80
6748	 	80
6749		80
6750		80
6751		80
6752		80
6753		80
6754	 ( ,  )	80
6755	 ( )	80
6756	 ( )	80
6757		80
6758	 ( )	80
6759		80
6760	 	80
6761		80
6762		80
6763		80
6764		80
6765		80
6766		80
6767		80
6768		80
6769		80
6770		80
6771		80
6772	 ( )	80
6773		80
6774	 	80
6775		80
6776		80
6777		80
6778		80
6779		80
6780		80
6781		80
6782		80
6783	 ( )	80
6784		80
6785	1- 	17
6786		17
6787	 	17
6788		17
6789	 ( )	17
6790		17
6791		17
6792		17
6793	 ( )	17
6794	 ( )	17
6795	 	17
6796		17
6797		17
6798		17
6799		17
6800	 	17
6801	 	17
6802	 	17
6803		17
6804		17
6805		17
6806		17
6807		17
6808		17
6809		17
6810		17
6811	 	17
6812	 	17
6813	 	17
6814	 	17
6815	 	17
6816	 	17
6817	 	17
6818	 	17
6819		17
6820	 ( )	17
6821		17
6822		17
6823		17
6824		17
6825		17
6826		17
6827		17
6828		17
6829		17
6830		17
6831		17
6832		17
6833		17
6834	 ( )	17
6835		17
6836		17
6837		17
6838		17
6839		17
6840	-	17
6841	-	17
6842	 ( )	17
6843		17
6844	 ( )	17
6845	 ( )	17
6846		17
6847		17
6848		17
6849		17
6850		17
6851		17
6852	 ( )	17
6853		17
6854		17
6855		17
6856		17
6857		17
6858		17
6859		17
6860		17
6861		17
6862		17
6863		17
6864		17
6865		17
6866		17
6867		17
6868		17
6869		17
6870	-	17
6871		17
6872	 ( )	17
6873		17
6874		17
6875		17
6876		17
6877	  2-	17
6878		17
6879		17
6880	 ( )	17
6881		17
6882		17
6883		17
6884		17
6885		17
6886		17
6887	 ( )	17
6888		17
6889		17
6890		17
6891		17
6892		17
6893		17
6894	 ( )	17
6895		17
6896		17
6897		17
6898		17
6899		17
6900		17
6901		17
6902	 ( )	17
6903		17
6904		17
6905		17
6906		17
6907		17
6908		17
6909	 	17
6910	 	17
6911	 	17
6912	 	17
6913	 	17
6914	 	17
6915	 	17
6916	-1-	17
6917	 2-	17
6918	 ( )	17
6919	  ( )	17
6920	 	17
6921	 	17
6922	 	17
6923	 	17
6924		17
6925		17
6926		17
6927		17
6928		17
6929		17
6930		17
6931		17
6932		17
6933		17
6934		17
6935		17
6936		17
6937	 	17
6938	 	17
6939	 ( )	17
6940	 ( )	17
6941		17
6942		17
6943	 ( )	17
6944		17
6945		17
6946	 ( )	17
6947	 ( )	17
6948		17
6949	 ( )	17
6950	 ( )	17
6951	-	17
6952		17
6953		17
6954		17
6955	 ( )	17
6956		17
6957		17
6958		17
6959		17
6960	 ( )	17
6961	 ( )	17
6962		17
6963		17
6964		17
6965		17
6966		17
6967		17
6968		17
6969		17
6970		17
6971	 	17
6972	 ( )	17
6973		17
6974		17
6975		17
6976	 	17
6977	 	17
6978	 ( ,  )	17
6979	 ( ,  )	17
6980	 	17
6981		17
6982	-	17
6983	 ( )	17
6984		17
6985		17
6986	 ( )	17
6987		17
6988	 	17
6989		17
6990		17
6991		17
6992	 ( )	17
6993		17
6994		17
6995	 	17
6996	 	17
6997	 	17
6998	 	17
6999	 	17
7000	 	17
7001	 	17
7002	 	17
7003		17
7004		17
7005		17
7006	 ( )	17
7007	 	17
7008		17
7009		17
7010		17
7011		17
7012	 ( )	17
7013		17
7014	 1-	17
7015		17
7016		17
7017		17
7018		17
7019	-	17
7020	-	17
7021		17
7022		17
7023		17
7024	-	17
7025		17
7026		17
7027		17
7028		17
7029		17
7030	 ( )	17
7031		17
7032		17
7033	-	17
7034		17
7035		17
7036		17
7037		17
7038		17
7039		81
7040	 ( )	81
7041		81
7042	 ( )	81
7043		81
7044		81
7045	 	81
7046		81
7047		81
7048		81
7049		81
7050	 ( )	81
7051		81
7052		81
7053		81
7054		81
7055	 ( )	81
7056		81
7057		81
7058		81
7059	 ( )	81
7060		81
7061		81
7062	 ( )	81
7063		81
7064		81
7065	 ( )	81
7066		81
7067	 ( )	81
7068		81
7069	 	81
7070		81
7071		81
7072		81
7073		81
7074		81
7075		81
7076		81
7077		81
7078		81
7079	 ( )	81
7080		81
7081	 	81
7082		81
7083		81
7084		81
7085	-	81
7086		81
7087		81
7088	 ( )	81
7089	 ( )	81
7090		81
7091	 ( )	81
7092		81
7093		81
7094	 ( )	81
7095	1- 	82
7096		82
7097		82
7098	 	82
7099	 	82
7100	 ( )	82
7101		82
7102		82
7103		82
7104		82
7105		82
7106		82
7107		82
7108	-	82
7109		82
7110	 ( )	82
7111		82
7112		82
7113		82
7114	 ( )	82
7115		82
7116		82
7117		82
7118		82
7119		82
7120		82
7121		82
7122		82
7123		82
7124		82
7125		82
7126	 	82
7127	 ( )	82
7128		82
7129	 ( )	82
7130	 	82
7131		82
7132		82
7133		82
7134		82
7135	   	82
7136	 .	82
7137	  	82
7138	  	82
7139		82
7140		82
7141		82
7142		82
7143		82
7144		82
7145		82
7146		82
7147	 ( )	82
7148		82
7149		82
7150		82
7151		82
7152		82
7153		82
7154		82
7155		82
7156		82
7157		82
7158	 	82
7159		82
7160		82
7161	 ( )	83
7162		83
7163	 ( )	83
7164		83
7165	 	83
7166		83
7167		83
7168	 	83
7169	 	83
7170	 	83
7171	 	83
7172	 	83
7173		83
7174		83
7175	 	83
7176		83
7177		83
7178		83
7179		83
7180		83
7181		83
7182		83
7183		83
7184		83
7185		83
7186		83
7187		83
7188	 	83
7189		83
7190		83
7191		83
7192	 ( )	83
7193		83
7194		83
7195		83
7196	 ( )	83
7197		83
7198		83
7199	-	83
7200		83
7201	 ( )	83
7202		83
7203		83
7204	 ( )	83
7205		83
7206		83
7207	 ( )	83
7208		83
7209	 ( )	83
7210	 ( )	83
7211	 	83
7212	  ( )	83
7213	-	83
7214		83
7215	 ( )	83
7216	 ( )	83
7217		83
7218		83
7219		83
7220	 	83
7221	  	83
7222	 ( )	83
7223		83
7224		83
7225		83
7226		83
7227	 	83
7228		83
7229		83
7230	 	83
7231		83
7232		83
7233		83
7234		83
7235		83
7236		83
7237	 ( )	83
7238		83
7239		83
7240		83
7241	 	83
7242	 ( )	83
7243		83
7244	1- 	84
7245		84
7246		84
7247		84
7248		84
7249		84
7250		84
7251		84
7252		84
7253		84
7254		84
7255	 ( )	84
7256		84
7257		84
7258		84
7259		84
7260	 	84
7261		84
7262		84
7263		84
7264	 ( )	84
7265		84
7266		84
7267		84
7268		84
7269		84
7270		84
7271	 ( )	84
7272		84
7273	 	84
7274		84
7275	 ( )	84
7276		84
7277	 	84
7278		84
7279		84
7280		84
7281	 ( )	84
7282		84
7283		84
7284		84
7285		84
7286	 ( )	84
7287	2- 	85
7288	 ( )	85
7289		85
7290		85
7291	 	85
7292	 ( )	85
7293	 	85
7294	 	85
7295		85
7296		85
7297	-	85
7298	 	85
7299		85
7300	  	85
7301		85
7302	 	85
7303		85
7304		85
7305		85
7306		85
7307		85
7308		85
7309	-	85
7310		85
7311		85
7312	 ( )	85
7313		85
7314	 	85
7315		85
7316		85
7317	-	85
7318		85
7319	 ( )	85
7320		85
7321		85
7322		85
7323	 	85
7324	-	85
7325		85
7326		85
7327	 ( )	85
7328	 	85
7329	 	85
7330	 	85
7331		85
7332		85
7333		85
7334		85
7335		85
7336	 	85
7337	 	85
7338	 	85
7339		85
7340	 ( )	85
7341	 	85
7342		85
7343	 	85
7344	 ( )	85
7345	 ( )	85
7346	 1-	85
7347	-	85
7348		85
7349		85
7350	-	85
7351		85
7352		85
7353		85
7354	 ( )	85
7355	-	85
7356		85
7357		85
7358		85
7359	 ( )	85
7360		85
7361	-	85
7362		85
7363		85
7364		85
7365		85
7366	 ( )	85
7367		85
7368		85
7369		85
7370	  	85
7371	 	85
7372		85
7373		85
7374		85
7375		85
7376	-1	85
7377		85
7378		85
7379		85
7380	 ( )	85
7381	 ( )	86
7382		86
7383		86
7384	 ( ,  )	86
7385		86
7386		86
7387		86
7388		86
7389		86
7390		86
7391		86
7392	 ( )	86
7393	 ( ,  )	86
7394		86
7395	 ( )	86
7396		86
7397		86
7398		86
7399	 ( )	86
7400	 ( )	86
7401		86
7402		86
7403		86
7404	-1	86
7405		86
7406	 ( ,  )	86
7407		86
7408		86
7409	 ( )	86
7410		86
7411		86
7412	 ( )	86
7413	 ( )	86
7414		86
7415		86
7416	 	86
7417		86
7418		86
7419	 ( )	86
7420		86
7421	 ( )	86
7422	 	86
7423		86
7424	 ( )	86
7425		86
7426		86
7427		86
7428		86
7429	-	86
7430	 ( )	86
7431	 ( )	86
7432		86
7433		86
7434		86
7435		86
7436		86
7437		86
7438		86
7439	 ( ,  )	86
7440		86
7441		86
7442		86
7443		86
7444		86
7445		86
7446		86
7447		86
7448	 ( )	86
7449	  ( )	86
7450		86
7451		87
7452		87
7453		87
7454		87
7455		87
7456	 ( )	87
7457		87
7458	 ( )	87
7459	 	87
7460	 	87
7461	-	87
7462	 ( )	87
7463	 ( )	87
7464		87
7465	 ( )	87
7466	 ( )	87
7467		87
7468	 ( )	87
7469	 ( )	87
7470		87
7471		87
7472		87
7473	 ( )	87
7474	 ( )	87
7475		87
7476	 ( )	87
7477	 	87
7478		87
7479	 	87
7480		87
7481		87
7482		87
7483	 ( )	87
7484	 ( )	87
7485	 	87
7486	  ( )	87
7487	 ( )	87
7488		87
7489	 ( )	87
7490	 ( )	87
7491		87
7492		87
7493		87
7494	 	87
7495	 ( )	87
7496	- ( )	87
7497	-	87
7498		87
7499		87
7500	 	87
7501		87
7502	 ( )	87
7503		87
7504		87
7505		87
7506		87
7507		87
7508		87
7509	  ( )	87
7510		87
7511		87
7512		87
7513	 	87
7514	 ( )	87
7515		87
7516	 ( )	87
7517	 	87
7518		87
7519	 	87
7520		87
7521		87
7522	 ( )	87
7523		87
7524	 ( )	87
7525	 ( )	87
7526		87
7527		87
7528	 	87
7529		87
7530		87
7531		10
7532	 ( )	10
7533		10
7534		10
7535		10
7536		10
7537	 ( )	10
7538		10
7539		10
7540		10
7541		10
7542	 	10
7543	 	10
7544	 	10
7545	 	10
7546		10
7547		10
7548		10
7549		10
7550		10
7551		10
7552		10
7553		10
7554	 	10
7555	 	10
7556		10
7557		10
7558		10
7559	 ( )	10
7560		10
7561		10
7562		10
7563		10
7564	 	10
7565		10
7566		10
7567	 ( )	10
7568		10
7569		10
7570		10
7571		10
7572		10
7573		10
7574	 ( )	10
7575		10
7576		10
7577		10
7578		10
7579		10
7580		10
7581		10
7582	 2-	10
7583		10
7584		10
7585		10
7586		10
7587		10
7588		10
7589		10
7590	 ( )	10
7591		10
7592	--	10
7593		10
7594		10
7595		10
7596		10
7597	 ( )	10
7598	 ( )	10
7599		10
7600		10
7601		10
7602		10
7603		10
7604		10
7605		10
7606		10
7607		10
7608	 ( )	10
7609	 ( )	10
7610		10
7611	 	10
7612	 	10
7613		10
7614		10
7615		10
7616		10
7617		10
7618		10
7619		10
7620		10
7621		10
7622		10
7623		10
7624		10
7625		10
7626		10
7627		10
7628		10
7629	 ( )	10
7630		10
7631		10
7632		10
7633		10
7634		10
7635	 	10
7636	 	10
7637		10
7638	 	10
7639		10
7640		10
7641	 ( )	10
7642	 	10
7643		10
7644	 ( )	10
7645	 ( )	10
7646		10
7647		10
7648		10
7649	 ( )	10
7650		10
7651		10
7652		10
7653		10
7654	 	10
7655	 ( )	10
7656	 ( )	10
7657	  	10
7658		10
7659		10
7660	 ( )	10
7661	 ( )	10
7662	  ( )	10
7663	  ( )	10
7664		10
7665		10
7666		10
7667		10
7668		10
7669		10
7670		10
7671	 ( )	10
7672		10
7673		10
7674		10
7675		10
7676		10
7677	 	10
7678		10
7679		10
7680		10
7681		10
7682		10
7683		10
7684		10
7685	 	10
7686	 	10
7687		10
7688		10
7689		10
7690		10
7691		10
7692		10
7693		10
7694		10
7695	-	10
7696	-	10
7697		10
7698		10
7699		10
7700		10
7701		10
7702		10
7703		10
7704		10
7705		10
7706	 ( )	10
7707		10
7708		10
7709		88
7710	 	88
7711		88
7712	-	88
7713		88
7714		88
7715		88
7716		88
7717	 	88
7718		88
7719		88
7720	 ()	88
7721	 ( )	88
7722	-	88
7723	 	88
7724	 ( )	88
7725		88
7726		88
7727		88
7728	 ()	88
7729		7
7730		7
7731		7
7732		7
7733		7
7734		7
7735		7
7736		7
7737		7
7738		7
7739	 ()	7
7740		7
7741		7
7742		7
7743		7
7744	 ( )	7
7745		7
7746		7
7747	 ( )	7
7748		7
7749	 ( )	7
7750		7
7751	 	7
7752		7
7753		7
7754		7
7755		7
7756		7
7757	 ( )	7
7758	 ( )	7
7759		7
7760	 ()	7
7761		7
7762		7
7763		7
7764		7
7765		7
7766	 ( 	7
7767		7
7768	 ( )	7
7769		7
7770		7
7771		7
7772		7
7773	 ( )	7
7774		7
7775	 ( )	7
7776	 ( )	7
7777		7
7778		7
7779		7
7780		7
7781		7
7782		7
7783	 ( )	7
7784		7
7785		7
7786	 ( )	7
7787		7
7788		7
7789	 	7
7790		7
7791		7
7792		7
7793	 ( )	7
7794		7
7795	 ( )	7
7796		7
7797		7
7798	 ( )	7
7799		7
7800		7
7801		7
7802		7
7803		7
7804	  ( )	7
7805	 ( )	7
7806		7
7807	 ( )	7
7808		7
7809		7
7810		7
7811	 ( )	7
7812	 ( )	7
7813		7
7814	 ( )	7
7815		7
7816	 ( )	7
7817		7
7818		7
7819		7
7820		7
7821	 ( )	7
7822		7
7823		7
7824		7
7825	 ( )	7
7826	 ( )	7
7827		7
7828		7
7829		7
7830		7
7831	 ( )	7
7832		7
7833		7
7834		7
7835		7
7836		7
7837		7
7838	 ( )	7
7839	 ( )	7
7840	 ( )	7
7841	 	7
7842		7
7843	 ( )	7
7844		7
7845		7
7846		7
7847		7
7848		7
7849		7
7850	 ( )	7
7851		7
7852		7
7853		7
7854		7
7855		7
7856		7
7857		7
7858		7
7859	-	16
7860		16
7861	 ( )	16
7862	 ( )	16
7863	 ( )	16
7864	-	16
7865		16
7866	-	16
7867		16
7868		16
7869		16
7870		16
7871	-	16
7872	-	16
7873		16
7874	 	16
7875	 ( )	16
7876		16
7877		16
7878		16
7879		16
7880	 	16
7881	 	16
7882	 	16
7883	 	16
7884		16
7885	 	16
7886	 	16
7887		16
7888		16
7889		16
7890	-	16
7891		16
7892		16
7893		16
7894		16
7895		16
7896		16
7897	 	16
7898		16
7899	-	16
7900		16
7901		16
7902		16
7903		16
7904		16
7905		16
7906		16
7907		16
7908		16
7909		16
7910	 ( )	16
7911		16
7912	 ( )	16
7913		16
7914		16
7915	-	16
7916		16
7917		16
7918		16
7919		16
7920	 ( )	16
7921		16
7922		16
7923		16
7924		16
7925	 (- )	16
7926	 ( )	16
7927		16
7928		16
7929		16
7930	-	16
7931		16
7932		16
7933		16
7934		16
7935	-	16
7936	-	16
7937		16
7938		16
7939		16
7940		16
7941		16
7942		16
7943	 ( )	16
7944	 ( )	16
7945		16
7946		16
7947		16
7948		16
7949	 ( )	16
7950	 	16
7951		16
7952		16
7953	 	16
7954		16
7955	-	16
7956		16
7957		16
7958		16
7959		16
7960	-	16
7961		16
7962		16
7963		16
7964		16
7965		16
7966		16
7967	  	16
7968		16
7969	-	16
7970	  ( )	16
7971		16
7972		16
7973		16
7974	 	16
7975	 ( )	16
7976	 	16
7977	 	16
7978		16
7979		16
7980		16
7981	-	16
7982	 ( )	16
7983		16
7984	 	16
7985	 ( )	16
7986		16
7987		16
7988	 ( )	16
7989		16
7990		16
7991		16
7992		16
7993	 ( )	16
7994		16
7995		16
7996		16
7997		16
7998		16
7999		16
8000		16
8001		16
8002		16
8003		16
8004	-	16
8005	-	16
8006		16
8007		16
8008		16
8009		16
8010	-	16
8011		16
8012		16
8013		16
8014		16
8015		16
8016		16
8017		16
8018		16
8019	 ( )	16
8020		16
8021	-	16
8022		16
8023		16
8024	 	16
8025	 	16
8026		16
8027		16
8028		16
8029	-	16
8030	 ( )	16
8031		16
8032	 2-	16
8033	 	16
8034		16
8035		16
8036		16
8037		16
8038	 ( ,  )	16
8039		16
8040		16
8041		16
8042		16
8043		16
8044		16
8045		16
8046	 	16
8047		16
8048		16
8049	 ( )	16
8050	 ( )	16
8051	 ( )	16
8052		16
8053	 	16
8054		16
8055		16
8056		16
8057		16
8058	 ( )	16
8059		16
8060		16
8061	 ( )	16
8062		16
8063	 ( )	16
8064	 ( )	16
8065		16
8066	-	16
8067	 ( )	16
8068		16
8069	-	16
8070		16
8071		16
8072		16
8073	 	16
8074		16
8075		16
8076		16
8077		16
8078		16
8079		16
8080	-	16
8081		16
8082	--	16
8083		16
8084		16
8085		16
8086		16
8087		16
8088		16
8089		16
8090		16
8091		16
8092		16
8093		16
8094		16
8095		16
8096		16
8097		16
8098		16
8099	 ( )	16
8100		16
8101		16
8102		16
8103	 	16
8104		16
8105		16
8106		16
8107		16
8108		16
8109		16
8110		16
8111		16
8112		16
8113		16
8114		16
8115		16
8116	-	16
8117		16
8118		16
8119		16
8120		16
8121		16
8122		16
8123		16
8124		16
8125		16
8126		16
8127		16
8128		16
8129		16
8130		16
8131	 ( )	16
8132		16
8133		16
8134		89
8135		89
8136	 	89
8137	 	89
8138	 	89
8139	 	89
8140		89
8141		89
8142	 	89
8143		89
8144	 ( )	89
8145		89
8146		89
8147	 	89
8148	 	89
8149		89
8150		89
8151		89
8152		89
8153		89
8154		89
8155		89
\.


--
-- TOC entry 3608 (class 0 OID 16502)
-- Dependencies: 213
-- Data for Name: citizenships; Type: TABLE DATA; Schema: public; Owner: hack_db_3kwr_user
--

COPY public.citizenships (id, name) FROM stdin;
1	 
2	 
3	 
4	 
5	 
6	 
\.


--
-- TOC entry 3655 (class 0 OID 16855)
-- Dependencies: 260
-- Data for Name: conditions; Type: TABLE DATA; Schema: public; Owner: hack_db_3kwr_user
--

COPY public.conditions (id, name, vacancy_id) FROM stdin;
1	   :    ,       ,   	1
2	 ,       	1
3	 ,      	2
4		2
5	    	2
6	 	2
7	 ,      	3
8		3
9	    	3
10	 	3
11	 	4
14	 	8
15	 	8
16	 	9
17	 	9
\.


--
-- TOC entry 3612 (class 0 OID 16516)
-- Dependencies: 217
-- Data for Name: courses; Type: TABLE DATA; Schema: public; Owner: hack_db_3kwr_user
--

COPY public.courses (id, name) FROM stdin;
1	1 ()
2	2 ()
3	3 ()
4	4 ()
5	1 ()
6	2 ()
\.


--
-- TOC entry 3643 (class 0 OID 16707)
-- Dependencies: 248
-- Data for Name: curators; Type: TABLE DATA; Schema: public; Owner: hack_db_3kwr_user
--

COPY public.curators (id, training_direction_id) FROM stdin;
1	1
\.


--
-- TOC entry 3614 (class 0 OID 16523)
-- Dependencies: 219
-- Data for Name: directions; Type: TABLE DATA; Schema: public; Owner: hack_db_3kwr_user
--

COPY public.directions (id, name) FROM stdin;
54	01.03.02    
55	01.03.03    
56	01.03.04  
57	01.03.05 
58	01.04.02    
59	01.04.04  
60	02.03.01    
61	02.03.02     
62	02.03.03      
63	02.04.02     
64	02.04.03      
65	09.03.01    
66	09.03.02    
67	09.03.03  
68	09.04.01    
69	09.04.02    
70	09.04.03  
71	10.03.01  
72	10.04.01  
73	10.05.01  
74	10.05.03    
75	11.03.01 
76	11.03.02     
77	11.03.03     
78	11.03.04   
53	01.03.01 
\.


--
-- TOC entry 3657 (class 0 OID 16867)
-- Dependencies: 262
-- Data for Name: duties; Type: TABLE DATA; Schema: public; Owner: hack_db_3kwr_user
--

COPY public.duties (id, name, vacancy_id) FROM stdin;
1	 	1
2	   (  )	1
3	  -	2
4	  	3
5	 	4
7	  .\n  	8
8	  .\n  	9
\.


--
-- TOC entry 3628 (class 0 OID 16633)
-- Dependencies: 233
-- Data for Name: employment_types; Type: TABLE DATA; Schema: public; Owner: hack_db_3kwr_user
--

COPY public.employment_types (id, name) FROM stdin;
1	 
2	 
3	 / 
4	
5	
\.


--
-- TOC entry 3645 (class 0 OID 16723)
-- Dependencies: 250
-- Data for Name: events; Type: TABLE DATA; Schema: public; Owner: hack_db_3kwr_user
--

COPY public.events (id, name, description, date, speaker_id) FROM stdin;
\.


--
-- TOC entry 3663 (class 0 OID 16918)
-- Dependencies: 268
-- Data for Name: history_work_experiences; Type: TABLE DATA; Schema: public; Owner: hack_db_3kwr_user
--

COPY public.history_work_experiences (id, organization, post, year_begin, year_end, intern_id) FROM stdin;
\.


--
-- TOC entry 3647 (class 0 OID 16751)
-- Dependencies: 252
-- Data for Name: hrs; Type: TABLE DATA; Schema: public; Owner: hack_db_3kwr_user
--

COPY public.hrs (id, organization_id) FROM stdin;
3	2
\.


--
-- TOC entry 3624 (class 0 OID 16589)
-- Dependencies: 229
-- Data for Name: interns; Type: TABLE DATA; Schema: public; Owner: hack_db_3kwr_user
--

COPY public.interns (id, university_id, course_id, direction_id, internship_status_id, training_direction_id, volunteering, about_me, branch_id, github, vk, portfolio, url_portfolio, organizations, work_experience_id, organization_id) FROM stdin;
5	2	2	69	1	2	t	 ,   .	4	\N	\N	\N	\N	\N	3	\N
4	1	3	66	2	1	f	 ,  	2	https://github.com/Vaynbaum	https://vk.com/mr.vaynbaum	\N	B/4_portfolio.pdf		3	2
13	8	3	66	1	\N	\N		\N				\N		2	\N
14	1	4	66	1	1	\N	    front-end .   .      .	2		https://vk.com/e.lipatov		\N	Friend Lee	3	2
15	2	3	53	1	4	\N		11				\N		2	\N
16	6	2	76	1	3	\N		4				\N	 ""	3	5
17	1	3	74	1	1	\N		31				\N	 " "	3	\N
18	8	4	66	1	1	\N		5				\N	 "  "	3	3
19	1	3	66	1	1	\N	 	31	g	g	d	c/19_portfolio.pdf		3	2
\.


--
-- TOC entry 3616 (class 0 OID 16530)
-- Dependencies: 221
-- Data for Name: internship_statuses; Type: TABLE DATA; Schema: public; Owner: hack_db_3kwr_user
--

COPY public.internship_statuses (id, name) FROM stdin;
1	  
2	
3	 
\.


--
-- TOC entry 3690 (class 0 OID 17124)
-- Dependencies: 295
-- Data for Name: interviews; Type: TABLE DATA; Schema: public; Owner: hack_db_3kwr_user
--

COPY public.interviews (id, comment, name, answer, value, type_interview_id, selection_id, mentor_id, passed, date) FROM stdin;
\.


--
-- TOC entry 3700 (class 0 OID 17328)
-- Dependencies: 305
-- Data for Name: invations; Type: TABLE DATA; Schema: public; Owner: hack_db_3kwr_user
--

COPY public.invations (code, email, role_id, created) FROM stdin;
KpOQyeewlTmeVmED36jmXjpet4zehIfAhZh0xP7fvVE	maksim228775@gmail.com	2	2023-05-28 22:03:44.625175
zQRnGU8RjBnQg5HB04tNNaY-kGSsWSNxoWuu1EA66DI	katsumiproo@gmail.com	3	2023-05-28 23:20:12.279153
\.


--
-- TOC entry 3668 (class 0 OID 16967)
-- Dependencies: 273
-- Data for Name: language_interns; Type: TABLE DATA; Schema: public; Owner: hack_db_3kwr_user
--

COPY public.language_interns (language_id, intern_id) FROM stdin;
\.


--
-- TOC entry 3667 (class 0 OID 16961)
-- Dependencies: 272
-- Data for Name: languages; Type: TABLE DATA; Schema: public; Owner: hack_db_3kwr_user
--

COPY public.languages (id, name) FROM stdin;
\.


--
-- TOC entry 3693 (class 0 OID 17197)
-- Dependencies: 298
-- Data for Name: mentor_reviews; Type: TABLE DATA; Schema: public; Owner: hack_db_3kwr_user
--

COPY public.mentor_reviews (id, text, value, mentor_id, intern_id) FROM stdin;
\.


--
-- TOC entry 3648 (class 0 OID 16766)
-- Dependencies: 253
-- Data for Name: mentors; Type: TABLE DATA; Schema: public; Owner: hack_db_3kwr_user
--

COPY public.mentors (id, organization_id) FROM stdin;
2	2
\.


--
-- TOC entry 3665 (class 0 OID 16932)
-- Dependencies: 270
-- Data for Name: metros; Type: TABLE DATA; Schema: public; Owner: hack_db_3kwr_user
--

COPY public.metros (id, name) FROM stdin;
1	 
2	
3	
4	
5	
6	
7	
8	
9	 
10	 
11	
12	
13	
14	 
15	
16	
17	
18	
19	
20	
21	
\.


--
-- TOC entry 3650 (class 0 OID 16782)
-- Dependencies: 255
-- Data for Name: organization_reviews; Type: TABLE DATA; Schema: public; Owner: hack_db_3kwr_user
--

COPY public.organization_reviews (id, text, value, organization_id, intern_id) FROM stdin;
2	 !	4	1	5
5	 !	4	3	4
1	 !	5	1	4
3	  	3	2	4
4	 	2	2	5
6	 !	5	3	5
\.


--
-- TOC entry 3630 (class 0 OID 16640)
-- Dependencies: 235
-- Data for Name: organization_types; Type: TABLE DATA; Schema: public; Owner: hack_db_3kwr_user
--

COPY public.organization_types (id, name) FROM stdin;
1	   ()
2	  ()
3	   ()
4	   ()
5	   ()
6	
7	 
8	-  ()
9	- 
10	   ()
11	 
\.


--
-- TOC entry 3642 (class 0 OID 16684)
-- Dependencies: 247
-- Data for Name: organizations; Type: TABLE DATA; Schema: public; Owner: hack_db_3kwr_user
--

COPY public.organizations (id, name, description, img, address, latitude, longitude, email, phone, training_direction_id, branch_id, type_id) FROM stdin;
4	" "	         	data:image/png;base64,iVBORw0KGgoAAAANSUhEUgAAAU0AAACXCAMAAACm/PkLAAABMlBMVEX////QDkbPAELPAD/cTnXvw8uOkJD8/PzOADvOADnPAD76+vrW1tb87fLQCUT99vianJztq7z09PTZT2/YQGjolqr55epJSUjSJVHf39/l5eXs7OzTF1HjkaC0tracnp6TlZW9vr7IyMiqqqrNADQ/Pz7DxMQ0NDPmjaRvb27yvcxhYWC3uLj98fWsra3haImGhoYtLSv0zNdDQ0H019zrobT209zkgJnWKl7xvszfbIndXn5RUVB2dnXsqbrst8DXHFvje5XeV3zhhZa8jJjVAE6VjJDEJlDaYXmmb37aR2qtSWPOjJy1RGC3aHrkxs3crrXAL1mngIrez9Osa3eypqqplpvNACrdPWzIrbbHboXEiZifrarISGjGpazZorC6AD+8lZ/KYnm3KVCbeYIZGRdi/f4yAAAcwklEQVR4nO1dC3+iVt4GvBAFAQkSEUcEvCVRkxovqJkkJnU7tdtup52dzvbe3Xe//1d4z/8c7sKM6W53NM3T/ozK4Qw8/u/nAmVoFMJUKcEfijNqlGZz8HZeVdFraVOh2OmFMxtQ74fM923D5msy9GLmbX6rxUUl9kUuG+/D/nTtvm345986FGVJ6GOz9oFL2AN0THg9OxbxJ3aoUax72ReLyUS9WFK5xbqn7tIVV+P7hjS0tMZlPp+P06lWR7Fvttik9L98dkPehdhcUqaEfvKawe12Rx8TNYlFr+VX5BPbsCjKlauzTIahlbKi9D4klyGwHN+X8oAmy0aOVJbxtttsUtrnG/KPBWxWlj/aIPCd/u5X8dEgGzp67S3cj2aHongbv10LNC3Qzk3psV1qmM28MexbfE13OS0p83i7BDYpnr7Ffw2fzdUXHeiCtbXHXsfHQAPxR/VW7idQfL0Jl69+RyM263H13AE6Fk5b1qyGLRmG0ejwOju/Y+Ptktik/voZtjk+m/yXPdJp/vEX8hGAJXHRcz9ZQ2T/sKqLBWCTPnt8j5rUvLzEIo8g13jLHBrS668aFq/pcojTRDZLzqfwx2VT7kubcnCZ+w9ZQve9mLifeMQm1Wmgl7PWUYYR6vXHWE3SYdOS+U7EZ7DcuP43Czn9pmQMTeL4U9ikKv9CpttlUzZsPTvFX4NBPwTYFjU49kSQl9CLbnDjd858slQcSl1kVjt5dA96E4hgYyHSzDUlSFSRpDabEiL166zMbak/Vap+Dp4QrKTW7FCiM4Zv2ab+2Pv6OLAa1GAzdT/UDHg1Huo95HzEqYO+n148Rj45o4P/4p/Fh+qE7S8n6xpvNT59DZJqaXo09Fm9ymuYTR5+F7E+JtclP/rGPgrkpjyue+JXk9CtjaqKy+7iAV6nS0zuLuCMPhE31ggLZ9lJaJvLsjrfaRiGZNgNRKpMjGqp/remkZdQpAXiKN5hNk3z0ff1ccDZ2pj2PsgGN1it/2q7Gjh1CM3zZb2yi76zjYanu7wdiByn3CY09uwmB5JqIveP1B9iqtWqiWKCSxxlUiKD2TQOIj4CdPrTEJu/KMuxLLl6xTpulCiOss4O+t4InA8rBQQEsh9G1AuxoP8opjKMb6p/gRCLROsiPhWrzGFAM0Z33vvxTw7kdv2O+3nyzm82f7WevF8+2Ygnt4KYZvkiqXmyT6dk/acvgM0h7kvF2mEdRnwE4IyvPbM2qf70Lfz1o7vxOhBIcfqu2hPf0xGfD7sK3XfDUR/kI4VNZLdpEE4SEs2hHsMeSnwE6L+5x39HijL6ETsP3VN1ajULt5y+EtIrIHwsivEFqnKf2D6VTUr5Kt90vdl8KWJH+b7r3y9oX0A0KFYE5LndcoMfLp4pEW/Oju7rD8n2U4uXzLg8+WKg5BJPSGWTfVP/0RPGCbB5EPUjD9yXM5EaOcfgPRvEYloN7+A6Xq1A8dIsIV7Smltu1ySd5Jxk85DKpvn34zdeZ72H4KIOAoMZzdw/1Cf4njvkwn2vHpSXAswXziQunyQFin+HO8lOto5gpLGpNbnyZ15vM3BghxMfUezsSKAzBdccukLJ+jcwFrYVmx0pMT51KUl8+hBzT6vj5H84hU0OpbrUr16ACuGAfiiJEAVVG4am6ZZr27Qhsf4dT9XFRXwEAmN+vC4H/kg2EnMVLJyzbeEmSGGzA6nDV/eudbiYkMLWocBl0w1i3FEhpG7e8Rsl8TRx5FQnbuLDDYfb5QvAsEOp1WnioTQ2dezM3tKuQN9PKHa4bUT2FmzviKaFVoV4FtnVKtkrUFKik1bjnC9JPI/ITGmBIq3bpBQdI5FN1sYmw/jCjao2ZcTvAXl0arBqfff6Nuvgsqwf2gV+dPWQdqaYyzoVkTJT7Ro7tN4lpegYiWxaJIcc/sMhIn08R7naB25g74DU60y5RzfAeSG45lU+KDUxy3YxWjrfv01Wc0DtGyf15CQ2uTzxfg1+gdMGUZkfTKE4AFxx6YF5UWJ9DfczG/H45n2n/vDamaTX6/6ZKtiJbDbckckGr67hZ1CVKbUdyO47NAOPrG2cG8kjMShQJlYnPfBGbZStVlLqS+Pq29ToJoFN3jORKCVbwliVqqhB6Hsw8C55rnzmpYG871pSqhakFXbB86VTTpTPSfbHVIe8zSbnpwCIzREUXEaOGqRlBwO/SlP6vu7OkiEDwRiLWeJJCDV3Toc4ulMS7IHo5NJ9yDabph9oQbngeAKFGCphEs7ew6/Bdf6xoG+ATy64jeRqLxXNJ8+O61szGc6UAWeksbHFphaUioDNOXJgOUVupvu4vYWfvZkdKICAapuBit1tTdTA4JrhfHJw6yixlPy+AoW5FDribLJG4LxxKevuljpzahJ1gPBECMyUOKkuxzAQ7B1M9kOyEU/OY/I5wuFRmk+Os9kJ0Y7ZvL2jylnzgOpHASw3NiHOZ7xa34hB6Wa8TlB1zu5vSZ14qzg3vn9/cYF7Tkk7Y2zq4fooZrOkzG+zPx7ARMNteOV23vUaY0X5NBCLJD+UnJyLc59PtY7zGVlKJiTKJjcMCyEpWk+WN8qPBxcfAWAiLMD3wWzZ+cmPjObKlnCadtp9zjd3N6VRb/bintCdUgOKsmkZ4d+GsJlj6OrPu13+vsGdAKAFk9HUL+sVr2xej/uhTj69FjGYO5tqoVhwBVqXEqe9RNj0UkoXmM2xw9DM+9LaPYZGnKfeDL5q/GO5nhM+K8vocAT/gQzlHZT5vBJ0p5FkE8JsssNogRSHvz2YpneUVh7db8hEgsL1LxTczOl7bPzG60gsyefTnUNpWp7MgEy65Qq0nDgnK8wmH6u64QrWfQb1Udyak3wYGOJwjwuV13SJo8RKHSbJsateqOnW+CQlDlR1nKsssk69qrxarBQsm54895OywxCbcnxUCY+B3CI2hcLvmEG6D+BxvCcbIaJwOjRFSbhIlUMl+Fr45kvTeXnyYrGp39WVxYvbs9EY9HueOSoeFUf+CQl2IcTmFtuYTXHZKrZW75sPscdwS5vhCeaWN4arTAfKquKOLugo0hfFwWBc7l1kFUXZHN/PbnKDgSiGzON4cTG/8Qfjk8ZwAza1LbIxm/P6L2/ShkH2HyQxD1cZvNKSOKk/KIUCOOmBOv38zc0q69ytlVcPL27ORu9xuosLV7L0BOH02ZS3U3lgc7wudw5lomECiCRGSt2+2o83YMSKi1cbpV5/d9G7Hatq6YNKWHK8xN3eLqD7bJrbmbxlUqrSo1IrJgeAGi7XRBJj01ulM1iCg2Wy5dzbx9Qbp+tRuO8IPDZrCR6fN8XlRWg61AGCpEOdMFuaV8ERF0cQ/C1Fc/ioEcSJOy7EbZcpXTY5O8GmWubDZnAoCzFSgNMhPpwHyn4ak6sXGWazoH8aP67eeHFB/mpbE1pdNq2kcjL/FaSyw4MbXwsDjw7xESsW3FDuQqlOrW9m68WjVmSpZGSZ2raBhE09cTXqL8zowCYaJgDuTI9M7wspm8jd/WboVKlXzc4fEQSO3PVwfHzaIGaTTdJzSqX/SlEHOJAeBUhidA5VZKHOi1/xB/XGUcq7L3qpODjq3BrSwGwm6rmqfA8252AWYqQAtDy20CnEQe2tN6eoVHaUyq7yKV6QwgUfIw7YlBML8/cXPMQS0sENpEeBLVU+wibv14RreS0057r8al1JmUoYR0nB0+y42DRMYHOYoOfsLDsANg/dbJLpaFG3oEsum7JkUaV6kOmxuSU9243P0RqfFhvSQGzySStXymsVj6vwBzTRMBlQJjcibHJu3i43wbsvVuFj6qJ6P9pF4W/W0IqNqnUum6jnc3pKRqkOcSA9CljmFFNIsmmBO981Ptw27q2XO5TMuIsF0Bld9pO7bySkVeM6RFSIzQOcMbMF5HRik0/JFCWblM/ZVXy4jasoOzh4sQ4Jux5xcLnXCTMVVQX/AyhPjzutQwSKSuIZiMFrWsPLJ0fVrZKRWN7c3Xxo9GYE+hvNWnO/bus5myWpE984+PgIUDO4TszP2vl8MxhSS1phMRi9c5JWvYRRgf1PuLBw/vJ6u1XPrYjyNmcc5EB6FJyke/MUXJBNT3x5HSUPIk4X69X7K7tLiDr7Qd+1N9tL3Cp19zfh7YOuH/noW1q0ctPBbAbRSuLqaKSj4xXz3gxehfWwwZCGbHy6xeaI8caZ+WHyOOehgTdqSWw2m4bdMC2tpv+yTtg/AgNl8O/m6Q4JJ+z+VLF+YxSfIzet+z8UPzzkQnEAXdLCs9I4slnUZV/XeN7s24bxl89+GJodvIHM1slq2TkupwagE2fgF4A1SY7P6hoowbCoJR3KRh4fwLARhCYsLzVk3ZbsjtHAd8eyHDs5/tYyGwbGsNEBWmXOk1exfOykTdumLu69XBJKIHE2swvvd9CH+bz0FBQdZnH4gw6a7e6kg/7vNDueLK7JZG5Zr2m81WkMDQn91+hbPK/VZJY6W6Rl8CVkOonlhCHf2N4JKDv33hugDk8gQEKQLy/JG67ftEJpNBJR15RFt4RD4irLus5bfdtuSoZhDxu/va4ukj1/Zko1LJ3TQN+jbJbdySSoOx529cs/CZ+OJOMSb/toNfux+9EMG8eAaj09FpJBXk3z7T/pf31jw64nyG/pgdtCIRB/eXmJZzf4bLKcrudaP/OdztCWYAcqsg/d02Czf4lsZM1OWMYsW3k8ATZ1IaoPVh73mH/9wJtDScqjcGDY7xC39WqBuSJswrZoyFLYhvSWfmPDLn7AvcxJ2O/9Abf2v4cFemY3kwe45EaT5xL20kxERbnD615YFA90TCCt2Xz761c44LKN5uevwSyYiGZZdUKznPS+ZDebjUNaXJkKskNhPjU+0QwktMte2uEISrdOeJ0b7NGj/Sz8H/xaSAq/zvoWYBHMZ+Q6yMJwtSeQVgK0Jpad9GiP5ZuNv+06R5XNZauzSFvuK9juKGo3ZxuPVs6Shk/DXhK4smlY6dIhm82fdhNOwGi1fggbhsbrL0lw4LM58X8bXhoe+FhQHBb2ErVG0+ikCmjt0+rud82OF9WlHwVoklYnZSiPzZw3CxyFt9rTiNlD0DodkEtOa0gGnyahyy+Gj0j91EpdyeHgHAYvpgzm1mVzWifF+5ofzz5RyLydt61E51pW/v6obEWdrPEur3jwooKrmC6bVVxs54Z56ykZzBTwQ+SA9W0FdG65Rp5/TBhTPqYr35IawP2CddkUszBuJzfynScREX0YOm83h1u8wWJBlBw9ptIjzrO/fo8djgrzOjGbM0ekWJR2PZGIaCfIvIEIjWiiqiBzh3h4TEDD2j8vnCVMssvVR5jNG0dlkSN/GtW3R6Bm2U0zTGhlCeqvm01rZz/cQXo+faAXZzBMNO29G4zqIyTfTywo2g2c3DGMhn/rIk2iyMSMPhE1Mouk1HPuzwbLqiBsnF+G0qNs79NCrWNLpkYk1N9hbkdVlf0IaDBRHNjTKvNaSo4Y/jTgamZeMoE9tT5xF/vKZn6HVeSh3QMocQKr/mjmMBdR/nehm0azU5tXC4WWO21Gb0h8yHwOBgNY3KaqY8AUIVfpfVGZLe/v79+t7+7umDom03ns1vxPE7LWl+qgq8cDEVgbnf3w+aeTyaRSeUBYLRGOnXq9zgiIurWTRfhy9jCb5W5vb3Oj0Sj327+OGKawe7b/1KG2QLyEquMom42yOT4+Vl4vF4uLWQVhnsvlRpwochwLgFwnnDnxxvDbmbJJ3D3xT4rv4JE51Te/fa2WVBVUFhmA1EzbCo1BuoN3gwNdQfnHYFbIZI562tCw/QzbGznaghws5teH0u4R6p8H4uTVMUx+l/mhNOTdGMlqNhKiJc7fnEdvNDvPXCZCdEcpWNmCzBO/1/sJQ0r+yot+Pj4Q+owkyJadH2ogl/qwyUfFTyPDTDDk+czlrqhZUrMB1XNeiqi7u1KI/5Nm5L8fcsdGhHJUp2kGKWN/iIyBJh3QPuN7A7bWMaROrdb3s3LYngaGKZ6dz+8Cp5uS0e8YwxoSSUtr8jKypM8G8z+AZhpG/tIcXuYvjdD0umf8Tsi1Rv6SzPL+05XW/xgY0RUIz/iPMHxm87+IGkwdfCITMfcAtb7d381q8gE0lPp7kOE9aYHecJTuFQR0dxqKbPUbnZrXwO+CRLt8p9H3SyysdxC11rwYw++PN4fm3s81YXcd9zk/Qbi+Ri9Xp5R1Am8Q2shKnF/hxUps88RgqWHbrZN2TmAhDts4v2pfta/xZHr+2j3r5PoU+K1dnly12yen7iiLRQ5fn0gsdXntPmj4JemcPyVN957PHTE0bNtoX9votUFZ7VMbA/In7foEbrLRPUWU2V2XTbMNlZRm99o2reHL7jkSMf7kXMJnNa/Pa0Bu97LRMaWT7tA94yUcvGw3EZsnhLfLdhsODtsn+X6/kb+6ekqzJLrn5K/VDS8A7rcRj/pJGzLTEJs2vFzjdFXOdy85xOYp0d/aOWJTPu2S7Watc0KdeyofYrPfvQbZ5NvkI3vIO61tgQ3YjOxLDly9JCpud1297SA29XNXYSn2ZdcK2NSAzWG3SXm9vQR7k2/j4MIK2LSuThsnQ4q9bD/FsCNgs52v6Qjus8H106uXV5dY0Oy2ZGEYiE2++9I7dYj4j7DJXV75FJ200fecaysDNuXrT3geySYm/+khYPMK+QSErrsQjL++apN39tVVF+MKsdno+pssA7ERNuXTaz+YOO/y8JMQznw2udN2nwI2+RP/R3lKCMnmaRPDtWM28rhEw+123uwjmHnEphmwqSWw6QscZlO7Jkd9Npvw5s/BJopiyNAxgL86N6/Psb+J2E2+/QhN569eun0TNhvtU46i/hSaHvFC+jXyEv0u3HzUp+unJ15kf3rFx7xQv33p/hhm9yULfRJBJmxeGyeYQmATeaHDe+rOhxGWzdC3ecztKX6NRkj9NpEqNt8OR0iYTfn8inTCn2MpNbq22zeWzZMTLLo8iZCuiRwf0rMeP4gQmy9J9G6boMQvgST9vN2Ps4lsX7tpWfY5juyjbKKos3s+5K3LLoqtdJQZtGtu38DmVZusPMRsosSq+7LP90+7109I5dl/X5M3nW73E4JTSvukS27R7J5olP1vd/2l+QkE+Kx5Da3a+GlyfPucuHHtGrNSa+IuzpGlbfz7k7Yrd9YnecTmJ+5CZ4tILH8KLbtPJrPE4N2BOFnzUKNq/iobjdcp3StXyJr3cEOzb3lf1Yil5DS36sFZfZPsUqBp/oYiUOeouQ2Cbmpm/3mE4BnPeMYznvGMZzzjGc/YDSLgEcfEweAMYfye6fPsYDBHTUaDUBsWugpPMBNDnYshvGd4kP3A8Y+P0iqbzS6Tn+k6XaJj0cc2qbeLeqtVKBRadPYmeXum0u3MIU1azuLW2z3sFlbblINWE/iskGVPOSUbYDG7SdtiEJ8z2+c5f6pSZJginbRl2tg5Ypij49B2qeJEyRQFGkNgitVVwlaq5Q3jNaGFYsbpuY/razFM60XQis6gz0tC2w065iNTPKKT1+CIDrrUTP1RD7j4H0PFT3LLONt0jhz8MJ4QmyOnxdAhCEdM/AHZYyXahBYKZBli5Yimj3w2ywVEePHe/0RHz2Fa2YS1ixO4Hvoo9cHdewDCJp3ZegypiMkMs3lWz7g3y2QYIn5CphcxBOQXcJuQNhkHt4iwOaKBzI33T8bZxNezpdDkUUvozD1e1uiySWdi20yrmyIdZRPLEwhk/Xj5aqMUyb0VwlsFjohgoiab41fHmzpqw1SJ1IfZzFVRs6LisxJlk3RciOxwj88iF7TXwumxSWfuw7956di9dp/NOcgTYs8pj0oiVRrfLluY3VawPfUUWEJN1rjJQB2VlwXvcIjNKQhwxgl8GLCZWeTmGLlb/DxNZmsTce9CGWV/hdNnEylXoLTi8oiOsknaCXQvuJW5Q77yAoIB+SyEtvlmx94C2YBNLPVMiEzMZjFYSSsugE4hFAAAprC+VIA1zJmE7cX3BJilKpa7or+v6eCiiI1fiM1FIcIcORdbSf9X6JEmMRZc+GyqIPVMpKMYm8hgwD8c62cFpym9I7ikvRVOYFNQbo4wnZ4NXAKZTOamLnhsqhlYKyvEXPi4DqcViKyoWM+ZlAXGPpsg9UI98liKXdiERz3TrbMp/IuF3O+/3z8WwCajlM6qmBf8HEx2BWouVHODgM0Z8Fvcsv/YmDLE/05wk7QtQl02xQsgsxDdbT3OJnwW6OhzQCpgW7MivhDG+U/u+I8EYVOlyjjkZoCMFTZ/391QJZ/N0jED4dB2EIi/x2pLAphW2rN6XDZX+PGcMfmNsTmATplqRJ1FkEkwmGOQ2+K+PgrWY5M6E4DOVk+cYXNPoysP2MQBYuZi+/QzfHOg6ipukvpk6wpWcAc/TzLuRbBPX40Jcr01MJ6JiibsR0KcOZj04lb4tCfw2aQqGRwCLUHnBew3Azbn4GAKCdm8WMAWgHWNXSHZBVGETRr/YJmtfTBwvJlpERTAhAv1KOPiBokr2UBjBNpQ3fHxX/9rBGxSFaLscDNE7wI2MRdM0i04guv3J9jYpSbRFS/kootbbRJyITpaAijDReFHT5H4aV8j+BCbVE/w8kVysQGbPaynSfv+3ION25SInxLSd/0mbGLpd+K1kiQ2j5yQ4xYhoD9yrS1YHYHZzyApzCaJGJFKub/8TmxmXDYhHhSqH2CTxiWWRaw0itlkij6wyWHqgWEZRfqGf7KwnxF8hE1MSWDjo5ou0Els+pp+82FNLz6UcPZfiOkpsMkcv3jw8AqXV5igvJHNhMOzOfZIH3iu0sdBlE1xVaALS+8uAjZvwcW0kqg68oQtB02OksvOlB8hkVS+EO0pHm8ORvCcc1+1qTFYiFbwW4J1EZIfEPSREWUTSWcrCHJ2iJCwkpIIiflghAS50BxsMxP1yXE23fDSL7jg1KG+uPAA8ShE8vuHOJuDSWDfAzZxNi/Q2zcADpZE76UsNBHSdqjzM0tsmzORJ0ZtsxmxwqpDCqU+cJ2msI81+DibYZTimeVWpOhmlqQevEtm6VWIIqYzgc1wvNXzg6swMtsPRPv42JHNKa4PVWNmUVUwM8S+jXHYT6c8ZjOoyJWwnAuhdglsktSJyCYtJLH5Ho/38bAjm9Q9LitF7V2J1Jq8R+ThYgmT8iyPcLUYsh0mNBKVwCYOvBTc5AbHT0IEONB6+D33+8diVzbdeht9E9jOOQ53BN+7irhazGRClpdSy27X4ZGMG+zT3vk9bbOJM1kSl5IaiAMD9D7mPTDX9f1LL3dlk5rgEqiQeeWq6GhGkwGchT8eRgonguA/I27a27RcliKjbLj0HPCH2QzqSuK0Vw3qpjn4iVqx/B8XVo/2b6/Gndl06aQzhYJzf/Eu0yKj5hFncEYG4hjc5N5ptYoobCIZYnQEGEt10ctnSJjVCoC7zihwjCU6H08kH8DnM3s3UWF3Nqlexh1CEjL+CHBhGclJJkLQJEOaZDb4SJRNHMQL3pyIpDyddqchjP2SXwSQa9JH8dH8j45HsEmdVTNR95qh4zHTSIk1oYvE90bZJKFVxu07gU3Bq3pAOVNwtq8Potvwte0HUJAjbE9NICjVGSETvuLxTCgw3swZoVhIeMir2qP9JkgXj4rug3UrBUEoBGyiIJ5BR0lF4KYV89iZgrAilzSuIm8ez+sBZ3B+JjWR/UhQj6vV6nEKmw46FlFlVu05yGsXi6D0q2licqdWFKToxSMGSanTG7ttbuhqlQ6xKS5Q31UydFmmqxEoy0nJNYkTOJRUbinBddMJue6BYVyevHgxuXlf7Dw9m1ReTCZnzxuhHyD+H99cFwQj5fsXAAAAAElFTkSuQmCC	109316 . ,  , . 42 . 13	55.71019	37.721265	office@technomoscow.ru	+74956470818	6	33	2
1	   "  "	      ,            .	https://moscow-export.com/bitrix/templates/addeo_copy/img/new/logo.svg	109028, , ,\n , 101	55.756422	37.645618	info@moscow-export.ru	+7 (499) 288-85-01	4	1	1
2	 "  "	      ,  -   , ,   .       ,          .	https://ucare.timepad.ru/2acf4ec0-e7c6-4095-b847-6bc0f26cb2f5/-/preview/280x800/	, . , .1	55.751817	37.599292	ic@develop.mos.ru	+7 (499) 225 9252	1	31	3
3	 "  "	       2020       .            .	data:image/png;base64,iVBORw0KGgoAAAANSUhEUgAAAToAAAChCAMAAABgSoNaAAAAyVBMVEUAAAD////rQ2Ly8vKamppHR0ciIiL8/Pw9PT3Y2NjQ0NCHh4eQkJDj4+P29va6urrIyMgoKChzc3NXV1fq6uryRWXf398YGBgzMzOXl5fBwcFmZmZfX18TExNPT0+MjIyurq6jo6N7e3uCgoIvLy8UFBR2dna0tLQ5OTlUVFQeHh4mJiapqalDQ0OoMEbiQF60M0vVPVkpDBFhGyiQKTxzITA7EBiNKTtKFR8RBQgdCQzNO1WhL0MzDxVZGSVCEhx9JDT/SWomChDwjvaWAAAJNElEQVR4nO2ceXeiPBSHwQ1RwQ2ta13aqrX79J3OdNpZv/+HenGrQH43JIzS6Tn3+WvOnBjC05Dk5gYMg2EYhmEYhmEYhmEYhmEYhmEYhmEYhmEYhmEYhmEYhmEYhmEYhmEYw2i+dwM+KoVq7r2b8EFZ9Mx3UTesF/OXg35/cHlZ7Jy8Rwv+lqJtpq6uM6jMe6W2l7Us0zRd13Ps2jzXP0+5GX/JoG2mq64wyJWcrAnItkuj/FL+6+GoEqY7LRBFZxVAdxAudB6tr3J2pXgjDcdMVV2+a0NtWyyv1pDKK/gdNYRpF3HJsgUQSuezZqSEQ9Qn1O+aKao7HdkSbTucUYeuoiCIJ9TlYN296JiQF+pTVDfZFk9D3bAx9hTErShNyVpU1VVcVHFVeBgTqqtfW6mpW56V4M1grHGdqEdRXRlWOxfn8WTqFrW34sdW1+mqdrg3IZe4JjV1OQvVOR6KJROpu2nvix9ZXcOBtyLFGcCqVNQNK/ByVWAukbp+cMQ+srqKtjgf7xRVpaIOzxDgaTUSqZuGfnJkdSe1aPtUsG9AVQrqxrC2CepzSdSVw1362GNdX/+B9emBmmLVDXGfGxMt01V3MYncytFn2ETdzmyIFcWqm8CaJlTDNNVdVKPFj67uVGNlErCyECqKUbecw/5NmtNUd9MTqj7+uk74a6lgid1Oru4KX2ZMt0tL3SkIho6vrhltouu17do4N8ldV21y7SKOdlJ1V3hcoPucnjrhHtJRN7wOXs8rTRr5wsV20rtYTHt4yZwVolmZuiU2dy1rl4a6Kdy3SCGGvXzrWVavcimsFJrwtt1+tJxEXUH7aTV01JXxcJ1G+L+5McsZ5dWbZgkNo9V1SvDWuvJWqaobTmDt6ahr+s+k1Z6Kk+aOM9CwarQQqQ6bs2Tj3ApFdec9ajhOZb9ubrZH0m1MceY3S9EylLq6/gyxRk3dOe7RqalbjHAs9EZTnCtU1XXwHuootlFK6i4lO7T/SDJR7DmK6hI+rYaaur5Dm/tX1Inhp5q6czw9lxUuqaBuJkum/CvqpsIkq6KuU4fPkwsiYJF4dTl5DPmPqGskUteHfS57pnTJOHVXE6m4j63Og4GIO1O7ZIy6ZWzs/ZHVQTwhDCGQqyvSi5J3UzdcLgv1+tXyJLReOZg6T2mcWyFV11RIG6eorpDvlyfzmuN4btZz7N7krH+z83codURKCCFT11dJ46Wlrji9BunYbK+7OalzKHUxcWsQibqyUgdPR11zTj4AbimXP5w6m0qAi9DqcC73XdTNYtL/2Vo+0boO0Ys5L7WHUhfeX3xXdQMQ20dxPeEPnXSGVQjBNhDqisoJgaOrq6jdsUBSdarLOkIdtVMC1pBHVtdJlNRZoaDOgmOSq3iyHKqjFiX2zVz4v+Oqu4lfWFKoBGJjOIaCRCQCqFvMiJ2SWgck9o6qLtmxiQ1KOyfEKUSlxgF1E2I669VRTvSY6ohsixoq6hZoe1n1pkR1BJvNv3TVdan1keVmHWcVVeDRao3afl0ejghKu06q6tzKuniq6oo4mnFrlcHpTWfRWRRPB7NcTVyXaKgzBvAZc+AxszCK6tztEd1U1Ylzko83jmYUl4M5GpxVcxNTaL5NvRewR01dexcUp6kOntOpwZVDcdIWSipnxPDi/zomkaSozn7rvmmqQ7MfPJm6YpZol3itDk9GVmxKTEWdvX9jIEV1HfAUVsnH6C/UwSvtxyiSeHWh0/SJ1H16/O/2/vb189NzfNk9p2LLXHrwLieJYXcHJ/pQghezMo5X1w2eQU6g7tOXl7tMy+fu4f5rXOEA4l6I7OCROGBpqAPiV9TkG1Bx6tywGm11z1/ufGuZNf4/bp/kxYOXEm4HHDd8I3EKew1xomYsbWCMOifSWl113+533rb2Hn5KywewBXUOcdDJZylG3TrqjBMYtcunCrm6bHQpoKnu+TYkbuXuRdWduB6W7OCC0UpLnbHAU4VsE0Wqzhb+zJrqBHOrfqf4zILm0OrACw966oipoi2JKmTqquLBHT11nzOiukzrVvKLAOA+yKO6ddBnNNURr9VJNlEk6qrg9R4tdc8vwJxv8zv9kwDiAyuecd0yRG/Z6KrDcZ85JhtIqrNgWk1L3Wdkznf3Sv8kAOhIVNoAvsGqrQ4ferLIlTGlzsVHVnTUPb/+xupelLodOEfqoVe/UCIxkTojD6cKj0pqE+oIc1rqvsPn1Vd390j+JkAXCCmB0a5A7OrpqyM2oNrES/FYnUNNyjrqvt5Bc767L+RvAvThUxgd7oZN6pRzAnVE7plIzUJ1JXJK1lH3A3e6TOa30mB3A/+o7jwor1OukdNcEnXEW534HpG6Hh336qh7/Dt1F3jGM12nWmn0B/2zSrUtW5QmUlfQOB8rqrPGkvvR6nWEuUzrPwVzhjEjrVjuipiDHYnUGXm4qe+hEFBQZxHvHG/QUffzgep2v+K9rW5VJwcr5neSqTNm8C9ig6kiqs6Sn93WUffnnphhHxT3nvBdQLJjwUtCdURUURWnioi66E5JFK0l8S9C3cu3OGlb1BPY08bB1A3xfrsYIYTVxZ5p1FL3hJ/Y1q+Yi+wbJyZrMPOEJ9hhUIxfCDCFKDCkjvo81B698P8VxrAPcRfZA9d2wNzVIdUZTRxVRL88E1Q3j/8InJ6676DbtTKfY6+yB+98R1h9bumQ6owG3m+P5JQC6uYK5xk19+se7wR3iiuTHYPYk+DuOmNxUHUG8Y2dcKE3da7SaUbdDfYfEXctTXN+UFGTP7TtzcR2WHUn+JxQJVRopy4bl3XcoJ3WeXwJJidad7rmfMqSt/u8623kc1h1609pioQ3DLfqsoovWohnquI669Pr3e+1vVbrd+b+h9plwtSnNfgAWaX9l/5mbvQThoK6K6FIG29irSh6kcLrH4Smio066rtlAt1SLYzkU3s7nn7dPvizw8P9F500bIj6YGJnQwGD5dqT4LdNi2flMCOhMwynQhHJmZxBGTAKLt7W6tA2GGZZj6Lyadtv339+/fn0R/UikJNio1It2WtK1Vy/qHxI/1is1NUkH7hkSHx1uQ/5TeT359RTfsWCCVNUfoeRYRiGYRiGYRiGYRiGYRiGYRiGYRiGYRiGYRiGYRiGYRiGYRiGYZgPwP8OzKB4McSJqwAAAABJRU5ErkJggg==	125009, ,   . 11. . 2	55.758767	37.604753	info@moscow-creative.ru	+7 495 988-30-80	7	32	1
5	 "    "	   ,         ,          .	https://ano.msk.ru/images/tild3165-3963-4163-a365-626437653163__logo_ano.svg	. ,   ., . 6	55.754527	37.60664	info@ano.msk.ru	+7 (495) 120-81-41	4	32	1
6	 "   "	              ..      14  2019   434-       ,   , ,  ,          .\n\n        -                  .	https://mdto.ru/assets/img/logo.png	, . , . 11/13, . 4.	55.75705	37.621273	mdto@transport.mos.ru	+7 (499) 652-62-40	6	1	1
\.


--
-- TOC entry 3606 (class 0 OID 16469)
-- Dependencies: 211
-- Data for Name: permissions; Type: TABLE DATA; Schema: public; Owner: hack_db_3kwr_user
--

COPY public.permissions (role_id, url, type) FROM stdin;
\.


--
-- TOC entry 3699 (class 0 OID 17292)
-- Dependencies: 304
-- Data for Name: presences; Type: TABLE DATA; Schema: public; Owner: hack_db_3kwr_user
--

COPY public.presences (id, intern_id, vacancy_id, mentor_id, status, date, hour) FROM stdin;
2	4	1	2		2023-05-27 00:00:00	5
1	4	1	2	 	2023-05-28 00:00:00	0
3	4	1	2		2023-05-26 00:00:00	0
\.


--
-- TOC entry 3623 (class 0 OID 16579)
-- Dependencies: 228
-- Data for Name: recoveries; Type: TABLE DATA; Schema: public; Owner: hack_db_3kwr_user
--

COPY public.recoveries (code, user_id, created) FROM stdin;
\.


--
-- TOC entry 3610 (class 0 OID 16509)
-- Dependencies: 215
-- Data for Name: regions; Type: TABLE DATA; Schema: public; Owner: hack_db_3kwr_user
--

COPY public.regions (id, name) FROM stdin;
1	 
2	
3	 
4	-
5	 
6	 
7	 
8	 
9	 
10	 
11	 
12	 
13	 
14	
15	 
16	 
17	 
18	 
19	 
20	 
21	  
22	 
23	 
24	 
25	 
26	 
27	 
28	  ()
29	 
30	 
31	 
32	 
33	 
34	 
35	 
36	 
37	 
38	 
39	 
40	 
41	 
42	 
43	 
44	 
45	 
46	 
47	 
48	 
49	 
50	 
51	 
52	 
53	 
54	 
55	 
56	 
57	 
58	 
59	 
60	 
61	 
62	 
63	 
64	 
65	 
66	 
67	 
68	-  - 
69	- 
70	- 
71	- 
72	 
73	 
74	 
75	  -
76	 
77	 
78	 
79	 
80	 
81	 
82	 
83	 
84	 
85	 
86	 
87	 
88	 
89	 
\.


--
-- TOC entry 3659 (class 0 OID 16879)
-- Dependencies: 264
-- Data for Name: requirements; Type: TABLE DATA; Schema: public; Owner: hack_db_3kwr_user
--

COPY public.requirements (id, name, vacancy_id) FROM stdin;
1	     (++, Python, Java, Golang, PHP)	1
2	     	1
3	   Unix  Linux ()	1
4	  	2
5	   Tilda	2
6	  Figma	2
7	  python	3
8	   SPA-	3
9	 CSS, html	3
10	Python	4
11	 ML	4
17	    	8
18	  ,    	8
19	  	8
20	   ,   SQL   MongoDB	8
21	   	8
22	   	9
23	    	9
\.


--
-- TOC entry 3676 (class 0 OID 17019)
-- Dependencies: 281
-- Data for Name: response_statuses; Type: TABLE DATA; Schema: public; Owner: hack_db_3kwr_user
--

COPY public.response_statuses (id, name) FROM stdin;
1	 
2	
3	
\.


--
-- TOC entry 3686 (class 0 OID 17098)
-- Dependencies: 291
-- Data for Name: responses; Type: TABLE DATA; Schema: public; Owner: hack_db_3kwr_user
--

COPY public.responses (id, comment, response_status_id, selection_id, passed) FROM stdin;
71	\N	3	71	f
72	\N	3	72	f
73	\N	3	73	f
74	\N	3	74	f
78	\N	2	78	t
75	\N	3	75	t
76	\N	3	76	t
77	\N	3	77	t
79	\N	2	79	t
80	\N	2	80	t
69	\N	2	69	t
67	\N	3	67	t
68	\N	3	68	t
70	\N	3	70	t
\.


--
-- TOC entry 3605 (class 0 OID 16395)
-- Dependencies: 210
-- Data for Name: roles; Type: TABLE DATA; Schema: public; Owner: hack_db_3kwr_user
--

COPY public.roles (id, name) FROM stdin;
1	
2	
3	 
4	
\.


--
-- TOC entry 3684 (class 0 OID 17084)
-- Dependencies: 289
-- Data for Name: scholls; Type: TABLE DATA; Schema: public; Owner: hack_db_3kwr_user
--

COPY public.scholls (id, value, comment, passed, intern_id) FROM stdin;
4	50	\N	t	4
5	50	\N	t	13
6	\N	\N	f	14
7	50	\N	t	19
\.


--
-- TOC entry 3691 (class 0 OID 17168)
-- Dependencies: 296
-- Data for Name: selection_basic_tests; Type: TABLE DATA; Schema: public; Owner: hack_db_3kwr_user
--

COPY public.selection_basic_tests (basic_test_id, selection_id) FROM stdin;
22	69
23	69
24	69
25	78
26	78
27	78
28	79
29	79
30	79
31	80
32	80
33	80
\.


--
-- TOC entry 3678 (class 0 OID 17026)
-- Dependencies: 283
-- Data for Name: selections; Type: TABLE DATA; Schema: public; Owner: hack_db_3kwr_user
--

COPY public.selections (id, vacancy_id, stage_id, intern_id, school_id) FROM stdin;
67	2	1	4	\N
68	4	1	4	\N
70	3	1	4	\N
69	1	3	4	4
71	2	1	5	\N
72	4	1	5	\N
73	1	1	5	\N
74	3	1	5	\N
75	2	1	13	\N
76	4	1	13	\N
77	1	1	13	\N
78	3	5	13	5
79	3	2	14	6
80	1	5	19	7
\.


--
-- TOC entry 3646 (class 0 OID 16736)
-- Dependencies: 251
-- Data for Name: skill_interns; Type: TABLE DATA; Schema: public; Owner: hack_db_3kwr_user
--

COPY public.skill_interns (skill_id, intern_id) FROM stdin;
2	5
40	5
1	4
2	4
3	4
9	4
8	4
1	13
11	4
59	19
\.


--
-- TOC entry 3653 (class 0 OID 16839)
-- Dependencies: 258
-- Data for Name: skill_vacancies; Type: TABLE DATA; Schema: public; Owner: hack_db_3kwr_user
--

COPY public.skill_vacancies (skill_id, vacancy_id) FROM stdin;
39	1
40	1
34	8
15	8
18	8
50	8
17	9
10	9
2	9
60	9
61	9
\.


--
-- TOC entry 3640 (class 0 OID 16677)
-- Dependencies: 245
-- Data for Name: skills; Type: TABLE DATA; Schema: public; Owner: hack_db_3kwr_user
--

COPY public.skills (id, name) FROM stdin;
1	Angular
2	Python
3	C#
4	CSS
5	Java
6	Html
7	Json
8	Docker
9	JavaScript
10	C++
11	DataScients
12	ML
13	Kotlin
14	PostgreSQL
15	MySQL
16	Photoshop
17	MatLab
18	PHP
19	android
20	-
21	UX/UI
22	 
24	Agile
25	 
26	 
27	 
28	-
29	 
30	DevSecOps
31	Linux
32	Windows
33	
34	NodeJS
35	Figma
36	 
37	 
38	 
39	 
40	
41	
42	
23	 
43	 
46	Adobe Illustrator
47	
48	 
49	 
50	Git
51	
52	Backend
53	Frontend
54	
55	 
56	PR
57	SMM
58	 
59	AutoCad
60	
61	
62	null
\.


--
-- TOC entry 3638 (class 0 OID 16668)
-- Dependencies: 243
-- Data for Name: speakers; Type: TABLE DATA; Schema: public; Owner: hack_db_3kwr_user
--

COPY public.speakers (id, email, password, firstname, lastname, patronymic, img) FROM stdin;
\.


--
-- TOC entry 3674 (class 0 OID 17012)
-- Dependencies: 279
-- Data for Name: stages; Type: TABLE DATA; Schema: public; Owner: hack_db_3kwr_user
--

COPY public.stages (id, name) FROM stdin;
1	
4	-
5	
2	/ 
3	
6	
\.


--
-- TOC entry 3695 (class 0 OID 17218)
-- Dependencies: 300
-- Data for Name: tasks; Type: TABLE DATA; Schema: public; Owner: hack_db_3kwr_user
--

COPY public.tasks (id, vacancy_id, training_direction_id, url_portfolio, mentor_id) FROM stdin;
3	1	1	r_2_interview.docx	2
4	1	2	q_2_interview.docx	2
\.


--
-- TOC entry 3632 (class 0 OID 16647)
-- Dependencies: 237
-- Data for Name: training_directions; Type: TABLE DATA; Schema: public; Owner: hack_db_3kwr_user
--

COPY public.training_directions (id, name) FROM stdin;
1	IT-
2	 
3	 
4	  
5	 
6	 
7	HR-
\.


--
-- TOC entry 3672 (class 0 OID 17005)
-- Dependencies: 277
-- Data for Name: type_basic_tests; Type: TABLE DATA; Schema: public; Owner: hack_db_3kwr_user
--

COPY public.type_basic_tests (id, name) FROM stdin;
1	 
2	 
3	 
\.


--
-- TOC entry 3688 (class 0 OID 17117)
-- Dependencies: 293
-- Data for Name: type_interviews; Type: TABLE DATA; Schema: public; Owner: hack_db_3kwr_user
--

COPY public.type_interviews (id, name) FROM stdin;
1	
2	
3	
\.


--
-- TOC entry 3618 (class 0 OID 16537)
-- Dependencies: 223
-- Data for Name: universities; Type: TABLE DATA; Schema: public; Owner: hack_db_3kwr_user
--

COPY public.universities (id, name, city_id, sub) FROM stdin;
1	    . .. 	1	 . .. 
2	     . . 	2	 . . . 
3	     	1	 
4	    	2	
5	-  	3	
6	 	3	
7	  	12	
8	   . . . 	1	
9		1	
10	    . . . 	1	
11	   -  	1	
\.


--
-- TOC entry 3622 (class 0 OID 16556)
-- Dependencies: 227
-- Data for Name: users; Type: TABLE DATA; Schema: public; Owner: hack_db_3kwr_user
--

COPY public.users (id, email, phone, password, firstname, lastname, patronymic, birthdate, img, role_id, city_id, citizenship_id, nickname, gender, is_verified) FROM stdin;
15	marina.2000@yandex.ru	+74565875164	$2b$12$hxA7GR.sew2UJdWuDaOANe7AQV0tVjgY483YHMYMNJN1e/J.99/cq				2002-07-25 00:00:00	F/15.jpg	4	2	1	marina.2000_tornado	\N	f
5	romanova@mail.ru	+7 (990) 454-15-16	$2b$12$KGnsjv.UIgRq5qHUr8jb/.zkYGGq13hAzFx5zctZthhyrO4PhuFlW				2000-11-06 00:00:00	\N	4	2	1	Romanova_o	f	f
17	Sokol.02@mail.ru	+79614752296	$2b$12$8j3BlSu5q2jpUeSeWxNscePTNoddtb/W.3pSXmAhfM4gZR1nzlU/2				2002-12-12 00:00:00	e/17.jpg	4	1	1	sokol.02_tapir	\N	f
2	volkov@mail.ru	+7 (959) 653-80-21	$2b$12$KGnsjv.UIgRq5qHUr8jb/.zkYGGq13hAzFx5zctZthhyrO4PhuFlW				1988-11-11 00:00:00	\N	1	2	1	volk	t	t
1	kurskaya@mail.ru	+7 (948) 818-80-46	$2b$12$KGnsjv.UIgRq5qHUr8jb/.zkYGGq13hAzFx5zctZthhyrO4PhuFlW				1998-04-11 00:00:00	\N	2	2	1	A_kursk	f	t
18	Leo.Var@yandex.ru	+79157462359	$2b$12$LP07JEe1666XolJe94MrQOWIsyvoy6t2lrdDG3nKEoXG9CBKKP.zy				2001-02-01 00:00:00	W/18.jpg	4	1	1	leo.var_situation	f	f
14	e.lipatov@mail.ru	+79568475123	$2b$12$lWue23FCzXHntEjqDe8JhOWXszzhpwLiPB1fNpeoT/p0q4xrh7/E2				2001-05-12 00:00:00	m/14.jpg	4	1	1	e.lipatov_dumpling	t	f
16	vas.lena@gmail.com	+79637518569	$2b$12$.LuL/CvlTlL9U7CsT69Yq.DVEPVermGnXaLkzIv5z00o7pHl2k6wS				2003-08-15 00:00:00	b/16.jpg	4	2	1	vas.lena_politics	\N	f
3	burova@mail.ru	+7 (916) 802-68-43	$2b$12$KGnsjv.UIgRq5qHUr8jb/.zkYGGq13hAzFx5zctZthhyrO4PhuFlW				1995-01-10 00:00:00	\N	3	2	1	burova	f	t
19	maksim228775@gmail.com	+79290513941	$2b$12$s335G4fZKg8zkzF5fqtHQ.Nb7/JkjkVCPI9OS4CqwJV04dTu0n1Ly				2002-02-20 00:00:00	j/19.jpg	4	2	1	maksim228775_family	t	t
4	mr.vaynbaum@mail.ru	+7 (952) 462-16-55	$2b$12$p2FI4cK4J.2bqi/W2oONEO2M1CQk8CWaJMb1ShkJSpjocIbxUpqbe				2003-01-16 00:00:00	i/4.jpg	4	144	1	mr.vaynbaum_rabbit	t	t
13	vaynbaum50@gmail.com	89308165479	$2b$12$PXtX9V7nKNUFxDz2WFb0meJjrbpl2RWobQjmFHN2WcUyF8cRRdTm2				1999-07-16 00:00:00	\N	4	144	1	vaynbaum50_dangerous	t	f
\.


--
-- TOC entry 3652 (class 0 OID 16801)
-- Dependencies: 257
-- Data for Name: vacancies; Type: TABLE DATA; Schema: public; Owner: hack_db_3kwr_user
--

COPY public.vacancies (id, name, description, min_salary, max_salary, date_begin, date_end, published, work_schedule_id, organization_id, employment_type_id, hr_creater_id, mentor_id, work_experience_id, status_id, cnt_intern) FROM stdin;
8	-	 -.              .	10000	30000	2023-09-06 00:00:00	2023-07-17 00:00:00	f	3	2	5	3	\N	3	2	2
1	-  backend-	       ,   .               .	0	0	2023-06-01 00:00:00	2023-09-13 00:00:00	t	3	2	5	3	2	3	3	1
2	UX/UI-	      -.   .	0	0	2023-06-01 00:00:00	2023-09-13 00:00:00	t	3	1	5	\N	\N	2	3	2
3	-  frotend-	 -.     .	0	0	2023-06-01 00:00:00	2023-09-13 00:00:00	t	3	1	5	\N	\N	3	3	2
4	  ml-	 ml-.     .	0	0	2023-06-01 00:00:00	2023-09-13 00:00:00	t	3	3	5	\N	\N	2	3	3
9	-	          ,    !	12000	30000	2023-05-27 00:00:00	2023-08-25 00:00:00	f	3	2	5	3	\N	2	1	1
\.


--
-- TOC entry 3661 (class 0 OID 16891)
-- Dependencies: 266
-- Data for Name: vacancy_reviews; Type: TABLE DATA; Schema: public; Owner: hack_db_3kwr_user
--

COPY public.vacancy_reviews (id, text, value, vacancy_id, intern_id) FROM stdin;
\.


--
-- TOC entry 3697 (class 0 OID 17240)
-- Dependencies: 302
-- Data for Name: vacancy_statuses; Type: TABLE DATA; Schema: public; Owner: hack_db_3kwr_user
--

COPY public.vacancy_statuses (id, name) FROM stdin;
1	 
2	
3	
4	
\.


--
-- TOC entry 3634 (class 0 OID 16654)
-- Dependencies: 239
-- Data for Name: work_experiences; Type: TABLE DATA; Schema: public; Owner: hack_db_3kwr_user
--

COPY public.work_experiences (id, name) FROM stdin;
2	 
3	 1   3 
4	 3  6 
5	 6 
\.


--
-- TOC entry 3636 (class 0 OID 16661)
-- Dependencies: 241
-- Data for Name: work_schedules; Type: TABLE DATA; Schema: public; Owner: hack_db_3kwr_user
--

COPY public.work_schedules (id, name) FROM stdin;
1	 
2	 
3	 
4	 
5	 
\.


--
-- TOC entry 3750 (class 0 OID 0)
-- Dependencies: 274
-- Name: basic_test_statuses_id_seq; Type: SEQUENCE SET; Schema: public; Owner: hack_db_3kwr_user
--

SELECT pg_catalog.setval('public.basic_test_statuses_id_seq', 1, false);


--
-- TOC entry 3751 (class 0 OID 0)
-- Dependencies: 284
-- Name: basic_tests_id_seq; Type: SEQUENCE SET; Schema: public; Owner: hack_db_3kwr_user
--

SELECT pg_catalog.setval('public.basic_tests_id_seq', 33, true);


--
-- TOC entry 3752 (class 0 OID 0)
-- Dependencies: 230
-- Name: branchs_id_seq; Type: SEQUENCE SET; Schema: public; Owner: hack_db_3kwr_user
--

SELECT pg_catalog.setval('public.branchs_id_seq', 31, true);


--
-- TOC entry 3753 (class 0 OID 0)
-- Dependencies: 286
-- Name: championships_id_seq; Type: SEQUENCE SET; Schema: public; Owner: hack_db_3kwr_user
--

SELECT pg_catalog.setval('public.championships_id_seq', 1, false);


--
-- TOC entry 3754 (class 0 OID 0)
-- Dependencies: 224
-- Name: cities_id_seq; Type: SEQUENCE SET; Schema: public; Owner: hack_db_3kwr_user
--

SELECT pg_catalog.setval('public.cities_id_seq', 8155, true);


--
-- TOC entry 3755 (class 0 OID 0)
-- Dependencies: 212
-- Name: citizenships_id_seq; Type: SEQUENCE SET; Schema: public; Owner: hack_db_3kwr_user
--

SELECT pg_catalog.setval('public.citizenships_id_seq', 8, true);


--
-- TOC entry 3756 (class 0 OID 0)
-- Dependencies: 259
-- Name: conditions_id_seq; Type: SEQUENCE SET; Schema: public; Owner: hack_db_3kwr_user
--

SELECT pg_catalog.setval('public.conditions_id_seq', 17, true);


--
-- TOC entry 3757 (class 0 OID 0)
-- Dependencies: 216
-- Name: courses_id_seq; Type: SEQUENCE SET; Schema: public; Owner: hack_db_3kwr_user
--

SELECT pg_catalog.setval('public.courses_id_seq', 1, false);


--
-- TOC entry 3758 (class 0 OID 0)
-- Dependencies: 218
-- Name: directions_id_seq; Type: SEQUENCE SET; Schema: public; Owner: hack_db_3kwr_user
--

SELECT pg_catalog.setval('public.directions_id_seq', 81, true);


--
-- TOC entry 3759 (class 0 OID 0)
-- Dependencies: 261
-- Name: duties_id_seq; Type: SEQUENCE SET; Schema: public; Owner: hack_db_3kwr_user
--

SELECT pg_catalog.setval('public.duties_id_seq', 8, true);


--
-- TOC entry 3760 (class 0 OID 0)
-- Dependencies: 232
-- Name: employment_types_id_seq; Type: SEQUENCE SET; Schema: public; Owner: hack_db_3kwr_user
--

SELECT pg_catalog.setval('public.employment_types_id_seq', 5, true);


--
-- TOC entry 3761 (class 0 OID 0)
-- Dependencies: 249
-- Name: events_id_seq; Type: SEQUENCE SET; Schema: public; Owner: hack_db_3kwr_user
--

SELECT pg_catalog.setval('public.events_id_seq', 1, false);


--
-- TOC entry 3762 (class 0 OID 0)
-- Dependencies: 267
-- Name: history_work_experiences_id_seq; Type: SEQUENCE SET; Schema: public; Owner: hack_db_3kwr_user
--

SELECT pg_catalog.setval('public.history_work_experiences_id_seq', 1, false);


--
-- TOC entry 3763 (class 0 OID 0)
-- Dependencies: 220
-- Name: internship_statuses_id_seq; Type: SEQUENCE SET; Schema: public; Owner: hack_db_3kwr_user
--

SELECT pg_catalog.setval('public.internship_statuses_id_seq', 1, false);


--
-- TOC entry 3764 (class 0 OID 0)
-- Dependencies: 294
-- Name: interviews_id_seq; Type: SEQUENCE SET; Schema: public; Owner: hack_db_3kwr_user
--

SELECT pg_catalog.setval('public.interviews_id_seq', 1, false);


--
-- TOC entry 3765 (class 0 OID 0)
-- Dependencies: 271
-- Name: languages_id_seq; Type: SEQUENCE SET; Schema: public; Owner: hack_db_3kwr_user
--

SELECT pg_catalog.setval('public.languages_id_seq', 1, false);


--
-- TOC entry 3766 (class 0 OID 0)
-- Dependencies: 297
-- Name: mentor_reviews_id_seq; Type: SEQUENCE SET; Schema: public; Owner: hack_db_3kwr_user
--

SELECT pg_catalog.setval('public.mentor_reviews_id_seq', 1, false);


--
-- TOC entry 3767 (class 0 OID 0)
-- Dependencies: 269
-- Name: metros_id_seq; Type: SEQUENCE SET; Schema: public; Owner: hack_db_3kwr_user
--

SELECT pg_catalog.setval('public.metros_id_seq', 21, true);


--
-- TOC entry 3768 (class 0 OID 0)
-- Dependencies: 254
-- Name: organization_reviews_id_seq; Type: SEQUENCE SET; Schema: public; Owner: hack_db_3kwr_user
--

SELECT pg_catalog.setval('public.organization_reviews_id_seq', 1, false);


--
-- TOC entry 3769 (class 0 OID 0)
-- Dependencies: 234
-- Name: organization_types_id_seq; Type: SEQUENCE SET; Schema: public; Owner: hack_db_3kwr_user
--

SELECT pg_catalog.setval('public.organization_types_id_seq', 1, false);


--
-- TOC entry 3770 (class 0 OID 0)
-- Dependencies: 246
-- Name: organizations_id_seq; Type: SEQUENCE SET; Schema: public; Owner: hack_db_3kwr_user
--

SELECT pg_catalog.setval('public.organizations_id_seq', 6, true);


--
-- TOC entry 3771 (class 0 OID 0)
-- Dependencies: 303
-- Name: presences_id_seq; Type: SEQUENCE SET; Schema: public; Owner: hack_db_3kwr_user
--

SELECT pg_catalog.setval('public.presences_id_seq', 3, true);


--
-- TOC entry 3772 (class 0 OID 0)
-- Dependencies: 214
-- Name: regions_id_seq; Type: SEQUENCE SET; Schema: public; Owner: hack_db_3kwr_user
--

SELECT pg_catalog.setval('public.regions_id_seq', 89, true);


--
-- TOC entry 3773 (class 0 OID 0)
-- Dependencies: 263
-- Name: requirements_id_seq; Type: SEQUENCE SET; Schema: public; Owner: hack_db_3kwr_user
--

SELECT pg_catalog.setval('public.requirements_id_seq', 23, true);


--
-- TOC entry 3774 (class 0 OID 0)
-- Dependencies: 280
-- Name: response_statuses_id_seq; Type: SEQUENCE SET; Schema: public; Owner: hack_db_3kwr_user
--

SELECT pg_catalog.setval('public.response_statuses_id_seq', 1, false);


--
-- TOC entry 3775 (class 0 OID 0)
-- Dependencies: 290
-- Name: responses_id_seq; Type: SEQUENCE SET; Schema: public; Owner: hack_db_3kwr_user
--

SELECT pg_catalog.setval('public.responses_id_seq', 80, true);


--
-- TOC entry 3776 (class 0 OID 0)
-- Dependencies: 209
-- Name: roles_id_seq; Type: SEQUENCE SET; Schema: public; Owner: hack_db_3kwr_user
--

SELECT pg_catalog.setval('public.roles_id_seq', 1, false);


--
-- TOC entry 3777 (class 0 OID 0)
-- Dependencies: 288
-- Name: scholls_id_seq; Type: SEQUENCE SET; Schema: public; Owner: hack_db_3kwr_user
--

SELECT pg_catalog.setval('public.scholls_id_seq', 7, true);


--
-- TOC entry 3778 (class 0 OID 0)
-- Dependencies: 282
-- Name: selections_id_seq; Type: SEQUENCE SET; Schema: public; Owner: hack_db_3kwr_user
--

SELECT pg_catalog.setval('public.selections_id_seq', 80, true);


--
-- TOC entry 3779 (class 0 OID 0)
-- Dependencies: 244
-- Name: skills_id_seq; Type: SEQUENCE SET; Schema: public; Owner: hack_db_3kwr_user
--

SELECT pg_catalog.setval('public.skills_id_seq', 62, true);


--
-- TOC entry 3780 (class 0 OID 0)
-- Dependencies: 242
-- Name: speakers_id_seq; Type: SEQUENCE SET; Schema: public; Owner: hack_db_3kwr_user
--

SELECT pg_catalog.setval('public.speakers_id_seq', 1, false);


--
-- TOC entry 3781 (class 0 OID 0)
-- Dependencies: 278
-- Name: stages_id_seq; Type: SEQUENCE SET; Schema: public; Owner: hack_db_3kwr_user
--

SELECT pg_catalog.setval('public.stages_id_seq', 1, false);


--
-- TOC entry 3782 (class 0 OID 0)
-- Dependencies: 299
-- Name: tasks_id_seq; Type: SEQUENCE SET; Schema: public; Owner: hack_db_3kwr_user
--

SELECT pg_catalog.setval('public.tasks_id_seq', 4, true);


--
-- TOC entry 3783 (class 0 OID 0)
-- Dependencies: 236
-- Name: training_directions_id_seq; Type: SEQUENCE SET; Schema: public; Owner: hack_db_3kwr_user
--

SELECT pg_catalog.setval('public.training_directions_id_seq', 1, false);


--
-- TOC entry 3784 (class 0 OID 0)
-- Dependencies: 276
-- Name: type_basic_tests_id_seq; Type: SEQUENCE SET; Schema: public; Owner: hack_db_3kwr_user
--

SELECT pg_catalog.setval('public.type_basic_tests_id_seq', 1, false);


--
-- TOC entry 3785 (class 0 OID 0)
-- Dependencies: 292
-- Name: type_interviews_id_seq; Type: SEQUENCE SET; Schema: public; Owner: hack_db_3kwr_user
--

SELECT pg_catalog.setval('public.type_interviews_id_seq', 1, false);


--
-- TOC entry 3786 (class 0 OID 0)
-- Dependencies: 222
-- Name: universities_id_seq; Type: SEQUENCE SET; Schema: public; Owner: hack_db_3kwr_user
--

SELECT pg_catalog.setval('public.universities_id_seq', 12, true);


--
-- TOC entry 3787 (class 0 OID 0)
-- Dependencies: 226
-- Name: users_id_seq; Type: SEQUENCE SET; Schema: public; Owner: hack_db_3kwr_user
--

SELECT pg_catalog.setval('public.users_id_seq', 25, true);


--
-- TOC entry 3788 (class 0 OID 0)
-- Dependencies: 256
-- Name: vacancies_id_seq; Type: SEQUENCE SET; Schema: public; Owner: hack_db_3kwr_user
--

SELECT pg_catalog.setval('public.vacancies_id_seq', 9, true);


--
-- TOC entry 3789 (class 0 OID 0)
-- Dependencies: 265
-- Name: vacancy_reviews_id_seq; Type: SEQUENCE SET; Schema: public; Owner: hack_db_3kwr_user
--

SELECT pg_catalog.setval('public.vacancy_reviews_id_seq', 1, false);


--
-- TOC entry 3790 (class 0 OID 0)
-- Dependencies: 301
-- Name: vacancy_statuses_id_seq; Type: SEQUENCE SET; Schema: public; Owner: hack_db_3kwr_user
--

SELECT pg_catalog.setval('public.vacancy_statuses_id_seq', 1, false);


--
-- TOC entry 3791 (class 0 OID 0)
-- Dependencies: 238
-- Name: work_experiences_id_seq; Type: SEQUENCE SET; Schema: public; Owner: hack_db_3kwr_user
--

SELECT pg_catalog.setval('public.work_experiences_id_seq', 5, true);


--
-- TOC entry 3792 (class 0 OID 0)
-- Dependencies: 240
-- Name: work_schedules_id_seq; Type: SEQUENCE SET; Schema: public; Owner: hack_db_3kwr_user
--

SELECT pg_catalog.setval('public.work_schedules_id_seq', 5, true);


--
-- TOC entry 3360 (class 2606 OID 17003)
-- Name: basic_test_statuses basic_test_statuses_pkey; Type: CONSTRAINT; Schema: public; Owner: hack_db_3kwr_user
--

ALTER TABLE ONLY public.basic_test_statuses
    ADD CONSTRAINT basic_test_statuses_pkey PRIMARY KEY (id);


--
-- TOC entry 3370 (class 2606 OID 17053)
-- Name: basic_tests basic_tests_pkey; Type: CONSTRAINT; Schema: public; Owner: hack_db_3kwr_user
--

ALTER TABLE ONLY public.basic_tests
    ADD CONSTRAINT basic_tests_pkey PRIMARY KEY (id);


--
-- TOC entry 3310 (class 2606 OID 16631)
-- Name: branchs branchs_pkey; Type: CONSTRAINT; Schema: public; Owner: hack_db_3kwr_user
--

ALTER TABLE ONLY public.branchs
    ADD CONSTRAINT branchs_pkey PRIMARY KEY (id);


--
-- TOC entry 3372 (class 2606 OID 17077)
-- Name: championships championships_pkey; Type: CONSTRAINT; Schema: public; Owner: hack_db_3kwr_user
--

ALTER TABLE ONLY public.championships
    ADD CONSTRAINT championships_pkey PRIMARY KEY (id);


--
-- TOC entry 3302 (class 2606 OID 16549)
-- Name: cities cities_pkey; Type: CONSTRAINT; Schema: public; Owner: hack_db_3kwr_user
--

ALTER TABLE ONLY public.cities
    ADD CONSTRAINT cities_pkey PRIMARY KEY (id);


--
-- TOC entry 3290 (class 2606 OID 16507)
-- Name: citizenships citizenships_pkey; Type: CONSTRAINT; Schema: public; Owner: hack_db_3kwr_user
--

ALTER TABLE ONLY public.citizenships
    ADD CONSTRAINT citizenships_pkey PRIMARY KEY (id);


--
-- TOC entry 3344 (class 2606 OID 16860)
-- Name: conditions conditions_pkey; Type: CONSTRAINT; Schema: public; Owner: hack_db_3kwr_user
--

ALTER TABLE ONLY public.conditions
    ADD CONSTRAINT conditions_pkey PRIMARY KEY (id);


--
-- TOC entry 3294 (class 2606 OID 16521)
-- Name: courses courses_pkey; Type: CONSTRAINT; Schema: public; Owner: hack_db_3kwr_user
--

ALTER TABLE ONLY public.courses
    ADD CONSTRAINT courses_pkey PRIMARY KEY (id);


--
-- TOC entry 3328 (class 2606 OID 16711)
-- Name: curators curators_pkey; Type: CONSTRAINT; Schema: public; Owner: hack_db_3kwr_user
--

ALTER TABLE ONLY public.curators
    ADD CONSTRAINT curators_pkey PRIMARY KEY (id);


--
-- TOC entry 3296 (class 2606 OID 16528)
-- Name: directions directions_pkey; Type: CONSTRAINT; Schema: public; Owner: hack_db_3kwr_user
--

ALTER TABLE ONLY public.directions
    ADD CONSTRAINT directions_pkey PRIMARY KEY (id);


--
-- TOC entry 3346 (class 2606 OID 16872)
-- Name: duties duties_pkey; Type: CONSTRAINT; Schema: public; Owner: hack_db_3kwr_user
--

ALTER TABLE ONLY public.duties
    ADD CONSTRAINT duties_pkey PRIMARY KEY (id);


--
-- TOC entry 3312 (class 2606 OID 16638)
-- Name: employment_types employment_types_pkey; Type: CONSTRAINT; Schema: public; Owner: hack_db_3kwr_user
--

ALTER TABLE ONLY public.employment_types
    ADD CONSTRAINT employment_types_pkey PRIMARY KEY (id);


--
-- TOC entry 3330 (class 2606 OID 16730)
-- Name: events events_pkey; Type: CONSTRAINT; Schema: public; Owner: hack_db_3kwr_user
--

ALTER TABLE ONLY public.events
    ADD CONSTRAINT events_pkey PRIMARY KEY (id);


--
-- TOC entry 3352 (class 2606 OID 16925)
-- Name: history_work_experiences history_work_experiences_pkey; Type: CONSTRAINT; Schema: public; Owner: hack_db_3kwr_user
--

ALTER TABLE ONLY public.history_work_experiences
    ADD CONSTRAINT history_work_experiences_pkey PRIMARY KEY (id);


--
-- TOC entry 3334 (class 2606 OID 16755)
-- Name: hrs hrs_pkey; Type: CONSTRAINT; Schema: public; Owner: hack_db_3kwr_user
--

ALTER TABLE ONLY public.hrs
    ADD CONSTRAINT hrs_pkey PRIMARY KEY (id);


--
-- TOC entry 3308 (class 2606 OID 16593)
-- Name: interns interns_pkey; Type: CONSTRAINT; Schema: public; Owner: hack_db_3kwr_user
--

ALTER TABLE ONLY public.interns
    ADD CONSTRAINT interns_pkey PRIMARY KEY (id);


--
-- TOC entry 3298 (class 2606 OID 16535)
-- Name: internship_statuses internship_statuses_pkey; Type: CONSTRAINT; Schema: public; Owner: hack_db_3kwr_user
--

ALTER TABLE ONLY public.internship_statuses
    ADD CONSTRAINT internship_statuses_pkey PRIMARY KEY (id);


--
-- TOC entry 3380 (class 2606 OID 17131)
-- Name: interviews interviews_pkey; Type: CONSTRAINT; Schema: public; Owner: hack_db_3kwr_user
--

ALTER TABLE ONLY public.interviews
    ADD CONSTRAINT interviews_pkey PRIMARY KEY (id);


--
-- TOC entry 3392 (class 2606 OID 17334)
-- Name: invations invations_pkey; Type: CONSTRAINT; Schema: public; Owner: hack_db_3kwr_user
--

ALTER TABLE ONLY public.invations
    ADD CONSTRAINT invations_pkey PRIMARY KEY (code);


--
-- TOC entry 3358 (class 2606 OID 16971)
-- Name: language_interns language_interns_pkey; Type: CONSTRAINT; Schema: public; Owner: hack_db_3kwr_user
--

ALTER TABLE ONLY public.language_interns
    ADD CONSTRAINT language_interns_pkey PRIMARY KEY (language_id, intern_id);


--
-- TOC entry 3356 (class 2606 OID 16966)
-- Name: languages languages_pkey; Type: CONSTRAINT; Schema: public; Owner: hack_db_3kwr_user
--

ALTER TABLE ONLY public.languages
    ADD CONSTRAINT languages_pkey PRIMARY KEY (id);


--
-- TOC entry 3384 (class 2606 OID 17204)
-- Name: mentor_reviews mentor_reviews_pkey; Type: CONSTRAINT; Schema: public; Owner: hack_db_3kwr_user
--

ALTER TABLE ONLY public.mentor_reviews
    ADD CONSTRAINT mentor_reviews_pkey PRIMARY KEY (id);


--
-- TOC entry 3336 (class 2606 OID 16770)
-- Name: mentors mentors_pkey; Type: CONSTRAINT; Schema: public; Owner: hack_db_3kwr_user
--

ALTER TABLE ONLY public.mentors
    ADD CONSTRAINT mentors_pkey PRIMARY KEY (id);


--
-- TOC entry 3354 (class 2606 OID 16937)
-- Name: metros metros_pkey; Type: CONSTRAINT; Schema: public; Owner: hack_db_3kwr_user
--

ALTER TABLE ONLY public.metros
    ADD CONSTRAINT metros_pkey PRIMARY KEY (id);


--
-- TOC entry 3338 (class 2606 OID 16789)
-- Name: organization_reviews organization_reviews_pkey; Type: CONSTRAINT; Schema: public; Owner: hack_db_3kwr_user
--

ALTER TABLE ONLY public.organization_reviews
    ADD CONSTRAINT organization_reviews_pkey PRIMARY KEY (id);


--
-- TOC entry 3314 (class 2606 OID 16645)
-- Name: organization_types organization_types_pkey; Type: CONSTRAINT; Schema: public; Owner: hack_db_3kwr_user
--

ALTER TABLE ONLY public.organization_types
    ADD CONSTRAINT organization_types_pkey PRIMARY KEY (id);


--
-- TOC entry 3326 (class 2606 OID 16691)
-- Name: organizations organizations_pkey; Type: CONSTRAINT; Schema: public; Owner: hack_db_3kwr_user
--

ALTER TABLE ONLY public.organizations
    ADD CONSTRAINT organizations_pkey PRIMARY KEY (id);


--
-- TOC entry 3288 (class 2606 OID 16473)
-- Name: permissions permissions_pkey; Type: CONSTRAINT; Schema: public; Owner: hack_db_3kwr_user
--

ALTER TABLE ONLY public.permissions
    ADD CONSTRAINT permissions_pkey PRIMARY KEY (role_id, url, type);


--
-- TOC entry 3390 (class 2606 OID 17297)
-- Name: presences presences_pkey; Type: CONSTRAINT; Schema: public; Owner: hack_db_3kwr_user
--

ALTER TABLE ONLY public.presences
    ADD CONSTRAINT presences_pkey PRIMARY KEY (id);


--
-- TOC entry 3306 (class 2606 OID 16583)
-- Name: recoveries recoveries_pkey; Type: CONSTRAINT; Schema: public; Owner: hack_db_3kwr_user
--

ALTER TABLE ONLY public.recoveries
    ADD CONSTRAINT recoveries_pkey PRIMARY KEY (code);


--
-- TOC entry 3292 (class 2606 OID 16514)
-- Name: regions regions_pkey; Type: CONSTRAINT; Schema: public; Owner: hack_db_3kwr_user
--

ALTER TABLE ONLY public.regions
    ADD CONSTRAINT regions_pkey PRIMARY KEY (id);


--
-- TOC entry 3348 (class 2606 OID 16884)
-- Name: requirements requirements_pkey; Type: CONSTRAINT; Schema: public; Owner: hack_db_3kwr_user
--

ALTER TABLE ONLY public.requirements
    ADD CONSTRAINT requirements_pkey PRIMARY KEY (id);


--
-- TOC entry 3366 (class 2606 OID 17024)
-- Name: response_statuses response_statuses_pkey; Type: CONSTRAINT; Schema: public; Owner: hack_db_3kwr_user
--

ALTER TABLE ONLY public.response_statuses
    ADD CONSTRAINT response_statuses_pkey PRIMARY KEY (id);


--
-- TOC entry 3376 (class 2606 OID 17105)
-- Name: responses responses_pkey; Type: CONSTRAINT; Schema: public; Owner: hack_db_3kwr_user
--

ALTER TABLE ONLY public.responses
    ADD CONSTRAINT responses_pkey PRIMARY KEY (id);


--
-- TOC entry 3286 (class 2606 OID 16400)
-- Name: roles roles_pkey; Type: CONSTRAINT; Schema: public; Owner: hack_db_3kwr_user
--

ALTER TABLE ONLY public.roles
    ADD CONSTRAINT roles_pkey PRIMARY KEY (id);


--
-- TOC entry 3374 (class 2606 OID 17091)
-- Name: scholls scholls_pkey; Type: CONSTRAINT; Schema: public; Owner: hack_db_3kwr_user
--

ALTER TABLE ONLY public.scholls
    ADD CONSTRAINT scholls_pkey PRIMARY KEY (id);


--
-- TOC entry 3382 (class 2606 OID 17172)
-- Name: selection_basic_tests selection_basic_tests_pkey; Type: CONSTRAINT; Schema: public; Owner: hack_db_3kwr_user
--

ALTER TABLE ONLY public.selection_basic_tests
    ADD CONSTRAINT selection_basic_tests_pkey PRIMARY KEY (basic_test_id, selection_id);


--
-- TOC entry 3368 (class 2606 OID 17031)
-- Name: selections selections_pkey; Type: CONSTRAINT; Schema: public; Owner: hack_db_3kwr_user
--

ALTER TABLE ONLY public.selections
    ADD CONSTRAINT selections_pkey PRIMARY KEY (id);


--
-- TOC entry 3332 (class 2606 OID 16740)
-- Name: skill_interns skill_interns_pkey; Type: CONSTRAINT; Schema: public; Owner: hack_db_3kwr_user
--

ALTER TABLE ONLY public.skill_interns
    ADD CONSTRAINT skill_interns_pkey PRIMARY KEY (skill_id, intern_id);


--
-- TOC entry 3342 (class 2606 OID 16843)
-- Name: skill_vacancies skill_vacancies_pkey; Type: CONSTRAINT; Schema: public; Owner: hack_db_3kwr_user
--

ALTER TABLE ONLY public.skill_vacancies
    ADD CONSTRAINT skill_vacancies_pkey PRIMARY KEY (skill_id, vacancy_id);


--
-- TOC entry 3324 (class 2606 OID 16682)
-- Name: skills skills_pkey; Type: CONSTRAINT; Schema: public; Owner: hack_db_3kwr_user
--

ALTER TABLE ONLY public.skills
    ADD CONSTRAINT skills_pkey PRIMARY KEY (id);


--
-- TOC entry 3322 (class 2606 OID 16675)
-- Name: speakers speakers_pkey; Type: CONSTRAINT; Schema: public; Owner: hack_db_3kwr_user
--

ALTER TABLE ONLY public.speakers
    ADD CONSTRAINT speakers_pkey PRIMARY KEY (id);


--
-- TOC entry 3364 (class 2606 OID 17017)
-- Name: stages stages_pkey; Type: CONSTRAINT; Schema: public; Owner: hack_db_3kwr_user
--

ALTER TABLE ONLY public.stages
    ADD CONSTRAINT stages_pkey PRIMARY KEY (id);


--
-- TOC entry 3386 (class 2606 OID 17223)
-- Name: tasks tasks_pkey; Type: CONSTRAINT; Schema: public; Owner: hack_db_3kwr_user
--

ALTER TABLE ONLY public.tasks
    ADD CONSTRAINT tasks_pkey PRIMARY KEY (id);


--
-- TOC entry 3316 (class 2606 OID 16652)
-- Name: training_directions training_directions_pkey; Type: CONSTRAINT; Schema: public; Owner: hack_db_3kwr_user
--

ALTER TABLE ONLY public.training_directions
    ADD CONSTRAINT training_directions_pkey PRIMARY KEY (id);


--
-- TOC entry 3362 (class 2606 OID 17010)
-- Name: type_basic_tests type_basic_tests_pkey; Type: CONSTRAINT; Schema: public; Owner: hack_db_3kwr_user
--

ALTER TABLE ONLY public.type_basic_tests
    ADD CONSTRAINT type_basic_tests_pkey PRIMARY KEY (id);


--
-- TOC entry 3378 (class 2606 OID 17122)
-- Name: type_interviews type_interviews_pkey; Type: CONSTRAINT; Schema: public; Owner: hack_db_3kwr_user
--

ALTER TABLE ONLY public.type_interviews
    ADD CONSTRAINT type_interviews_pkey PRIMARY KEY (id);


--
-- TOC entry 3300 (class 2606 OID 16542)
-- Name: universities universities_pkey; Type: CONSTRAINT; Schema: public; Owner: hack_db_3kwr_user
--

ALTER TABLE ONLY public.universities
    ADD CONSTRAINT universities_pkey PRIMARY KEY (id);


--
-- TOC entry 3304 (class 2606 OID 16563)
-- Name: users users_pkey; Type: CONSTRAINT; Schema: public; Owner: hack_db_3kwr_user
--

ALTER TABLE ONLY public.users
    ADD CONSTRAINT users_pkey PRIMARY KEY (id);


--
-- TOC entry 3340 (class 2606 OID 16808)
-- Name: vacancies vacancies_pkey; Type: CONSTRAINT; Schema: public; Owner: hack_db_3kwr_user
--

ALTER TABLE ONLY public.vacancies
    ADD CONSTRAINT vacancies_pkey PRIMARY KEY (id);


--
-- TOC entry 3350 (class 2606 OID 16898)
-- Name: vacancy_reviews vacancy_reviews_pkey; Type: CONSTRAINT; Schema: public; Owner: hack_db_3kwr_user
--

ALTER TABLE ONLY public.vacancy_reviews
    ADD CONSTRAINT vacancy_reviews_pkey PRIMARY KEY (id);


--
-- TOC entry 3388 (class 2606 OID 17245)
-- Name: vacancy_statuses vacancy_statuses_pkey; Type: CONSTRAINT; Schema: public; Owner: hack_db_3kwr_user
--

ALTER TABLE ONLY public.vacancy_statuses
    ADD CONSTRAINT vacancy_statuses_pkey PRIMARY KEY (id);


--
-- TOC entry 3318 (class 2606 OID 16659)
-- Name: work_experiences work_experiences_pkey; Type: CONSTRAINT; Schema: public; Owner: hack_db_3kwr_user
--

ALTER TABLE ONLY public.work_experiences
    ADD CONSTRAINT work_experiences_pkey PRIMARY KEY (id);


--
-- TOC entry 3320 (class 2606 OID 16666)
-- Name: work_schedules work_schedules_pkey; Type: CONSTRAINT; Schema: public; Owner: hack_db_3kwr_user
--

ALTER TABLE ONLY public.work_schedules
    ADD CONSTRAINT work_schedules_pkey PRIMARY KEY (id);


--
-- TOC entry 3444 (class 2606 OID 17054)
-- Name: basic_tests basic_tests_basic_test_status_id_fkey; Type: FK CONSTRAINT; Schema: public; Owner: hack_db_3kwr_user
--

ALTER TABLE ONLY public.basic_tests
    ADD CONSTRAINT basic_tests_basic_test_status_id_fkey FOREIGN KEY (basic_test_status_id) REFERENCES public.basic_test_statuses(id);


--
-- TOC entry 3445 (class 2606 OID 17163)
-- Name: basic_tests basic_tests_intern_id_fkey; Type: FK CONSTRAINT; Schema: public; Owner: hack_db_3kwr_user
--

ALTER TABLE ONLY public.basic_tests
    ADD CONSTRAINT basic_tests_intern_id_fkey FOREIGN KEY (intern_id) REFERENCES public.interns(id) NOT VALID;


--
-- TOC entry 3446 (class 2606 OID 17059)
-- Name: basic_tests basic_tests_type_basic_test_id_fkey; Type: FK CONSTRAINT; Schema: public; Owner: hack_db_3kwr_user
--

ALTER TABLE ONLY public.basic_tests
    ADD CONSTRAINT basic_tests_type_basic_test_id_fkey FOREIGN KEY (type_basic_test_id) REFERENCES public.type_basic_tests(id);


--
-- TOC entry 3447 (class 2606 OID 17078)
-- Name: championships championships_selection_id_fkey; Type: FK CONSTRAINT; Schema: public; Owner: hack_db_3kwr_user
--

ALTER TABLE ONLY public.championships
    ADD CONSTRAINT championships_selection_id_fkey FOREIGN KEY (selection_id) REFERENCES public.selections(id);


--
-- TOC entry 3395 (class 2606 OID 16550)
-- Name: cities cities_region_id_fkey; Type: FK CONSTRAINT; Schema: public; Owner: hack_db_3kwr_user
--

ALTER TABLE ONLY public.cities
    ADD CONSTRAINT cities_region_id_fkey FOREIGN KEY (region_id) REFERENCES public.regions(id);


--
-- TOC entry 3432 (class 2606 OID 16861)
-- Name: conditions conditions_vacancy_id_fkey; Type: FK CONSTRAINT; Schema: public; Owner: hack_db_3kwr_user
--

ALTER TABLE ONLY public.conditions
    ADD CONSTRAINT conditions_vacancy_id_fkey FOREIGN KEY (vacancy_id) REFERENCES public.vacancies(id);


--
-- TOC entry 3412 (class 2606 OID 16712)
-- Name: curators curators_id_fkey; Type: FK CONSTRAINT; Schema: public; Owner: hack_db_3kwr_user
--

ALTER TABLE ONLY public.curators
    ADD CONSTRAINT curators_id_fkey FOREIGN KEY (id) REFERENCES public.users(id);


--
-- TOC entry 3413 (class 2606 OID 16717)
-- Name: curators curators_training_direction_id_fkey; Type: FK CONSTRAINT; Schema: public; Owner: hack_db_3kwr_user
--

ALTER TABLE ONLY public.curators
    ADD CONSTRAINT curators_training_direction_id_fkey FOREIGN KEY (training_direction_id) REFERENCES public.training_directions(id);


--
-- TOC entry 3433 (class 2606 OID 16873)
-- Name: duties duties_vacancy_id_fkey; Type: FK CONSTRAINT; Schema: public; Owner: hack_db_3kwr_user
--

ALTER TABLE ONLY public.duties
    ADD CONSTRAINT duties_vacancy_id_fkey FOREIGN KEY (vacancy_id) REFERENCES public.vacancies(id);


--
-- TOC entry 3414 (class 2606 OID 16731)
-- Name: events events_speaker_id_fkey; Type: FK CONSTRAINT; Schema: public; Owner: hack_db_3kwr_user
--

ALTER TABLE ONLY public.events
    ADD CONSTRAINT events_speaker_id_fkey FOREIGN KEY (speaker_id) REFERENCES public.speakers(id);


--
-- TOC entry 3437 (class 2606 OID 16926)
-- Name: history_work_experiences history_work_experiences_intern_id_fkey; Type: FK CONSTRAINT; Schema: public; Owner: hack_db_3kwr_user
--

ALTER TABLE ONLY public.history_work_experiences
    ADD CONSTRAINT history_work_experiences_intern_id_fkey FOREIGN KEY (intern_id) REFERENCES public.interns(id);


--
-- TOC entry 3417 (class 2606 OID 16756)
-- Name: hrs hrs_id_fkey; Type: FK CONSTRAINT; Schema: public; Owner: hack_db_3kwr_user
--

ALTER TABLE ONLY public.hrs
    ADD CONSTRAINT hrs_id_fkey FOREIGN KEY (id) REFERENCES public.users(id);


--
-- TOC entry 3418 (class 2606 OID 16761)
-- Name: hrs hrs_organization_id_fkey; Type: FK CONSTRAINT; Schema: public; Owner: hack_db_3kwr_user
--

ALTER TABLE ONLY public.hrs
    ADD CONSTRAINT hrs_organization_id_fkey FOREIGN KEY (organization_id) REFERENCES public.organizations(id);


--
-- TOC entry 3400 (class 2606 OID 16949)
-- Name: interns interns_branch_id_fkey; Type: FK CONSTRAINT; Schema: public; Owner: hack_db_3kwr_user
--

ALTER TABLE ONLY public.interns
    ADD CONSTRAINT interns_branch_id_fkey FOREIGN KEY (branch_id) REFERENCES public.branchs(id) NOT VALID;


--
-- TOC entry 3401 (class 2606 OID 16604)
-- Name: interns interns_course_id_fkey; Type: FK CONSTRAINT; Schema: public; Owner: hack_db_3kwr_user
--

ALTER TABLE ONLY public.interns
    ADD CONSTRAINT interns_course_id_fkey FOREIGN KEY (course_id) REFERENCES public.courses(id);


--
-- TOC entry 3402 (class 2606 OID 16609)
-- Name: interns interns_direction_id_fkey; Type: FK CONSTRAINT; Schema: public; Owner: hack_db_3kwr_user
--

ALTER TABLE ONLY public.interns
    ADD CONSTRAINT interns_direction_id_fkey FOREIGN KEY (direction_id) REFERENCES public.directions(id);


--
-- TOC entry 3403 (class 2606 OID 16594)
-- Name: interns interns_id_fkey; Type: FK CONSTRAINT; Schema: public; Owner: hack_db_3kwr_user
--

ALTER TABLE ONLY public.interns
    ADD CONSTRAINT interns_id_fkey FOREIGN KEY (id) REFERENCES public.users(id);


--
-- TOC entry 3404 (class 2606 OID 16614)
-- Name: interns interns_internship_status_id_fkey; Type: FK CONSTRAINT; Schema: public; Owner: hack_db_3kwr_user
--

ALTER TABLE ONLY public.interns
    ADD CONSTRAINT interns_internship_status_id_fkey FOREIGN KEY (internship_status_id) REFERENCES public.internship_statuses(id);


--
-- TOC entry 3405 (class 2606 OID 16992)
-- Name: interns interns_organization_id_fkey; Type: FK CONSTRAINT; Schema: public; Owner: hack_db_3kwr_user
--

ALTER TABLE ONLY public.interns
    ADD CONSTRAINT interns_organization_id_fkey FOREIGN KEY (organization_id) REFERENCES public.organizations(id) NOT VALID;


--
-- TOC entry 3406 (class 2606 OID 16910)
-- Name: interns interns_training_direction_id_fkey; Type: FK CONSTRAINT; Schema: public; Owner: hack_db_3kwr_user
--

ALTER TABLE ONLY public.interns
    ADD CONSTRAINT interns_training_direction_id_fkey FOREIGN KEY (training_direction_id) REFERENCES public.training_directions(id) NOT VALID;


--
-- TOC entry 3407 (class 2606 OID 16599)
-- Name: interns interns_university_id_fkey; Type: FK CONSTRAINT; Schema: public; Owner: hack_db_3kwr_user
--

ALTER TABLE ONLY public.interns
    ADD CONSTRAINT interns_university_id_fkey FOREIGN KEY (university_id) REFERENCES public.universities(id);


--
-- TOC entry 3408 (class 2606 OID 16987)
-- Name: interns interns_work_experience_id_fkey; Type: FK CONSTRAINT; Schema: public; Owner: hack_db_3kwr_user
--

ALTER TABLE ONLY public.interns
    ADD CONSTRAINT interns_work_experience_id_fkey FOREIGN KEY (work_experience_id) REFERENCES public.work_experiences(id) NOT VALID;


--
-- TOC entry 3451 (class 2606 OID 17142)
-- Name: interviews interviews_mentor_id_fkey; Type: FK CONSTRAINT; Schema: public; Owner: hack_db_3kwr_user
--

ALTER TABLE ONLY public.interviews
    ADD CONSTRAINT interviews_mentor_id_fkey FOREIGN KEY (mentor_id) REFERENCES public.mentors(id);


--
-- TOC entry 3452 (class 2606 OID 17137)
-- Name: interviews interviews_selection_id_fkey; Type: FK CONSTRAINT; Schema: public; Owner: hack_db_3kwr_user
--

ALTER TABLE ONLY public.interviews
    ADD CONSTRAINT interviews_selection_id_fkey FOREIGN KEY (selection_id) REFERENCES public.selections(id);


--
-- TOC entry 3453 (class 2606 OID 17132)
-- Name: interviews interviews_type_interview_id_fkey; Type: FK CONSTRAINT; Schema: public; Owner: hack_db_3kwr_user
--

ALTER TABLE ONLY public.interviews
    ADD CONSTRAINT interviews_type_interview_id_fkey FOREIGN KEY (type_interview_id) REFERENCES public.type_interviews(id);


--
-- TOC entry 3464 (class 2606 OID 17335)
-- Name: invations invations_role_id_fkey; Type: FK CONSTRAINT; Schema: public; Owner: hack_db_3kwr_user
--

ALTER TABLE ONLY public.invations
    ADD CONSTRAINT invations_role_id_fkey FOREIGN KEY (role_id) REFERENCES public.roles(id);


--
-- TOC entry 3438 (class 2606 OID 16977)
-- Name: language_interns language_interns_intern_id_fkey; Type: FK CONSTRAINT; Schema: public; Owner: hack_db_3kwr_user
--

ALTER TABLE ONLY public.language_interns
    ADD CONSTRAINT language_interns_intern_id_fkey FOREIGN KEY (intern_id) REFERENCES public.interns(id);


--
-- TOC entry 3439 (class 2606 OID 16972)
-- Name: language_interns language_interns_language_id_fkey; Type: FK CONSTRAINT; Schema: public; Owner: hack_db_3kwr_user
--

ALTER TABLE ONLY public.language_interns
    ADD CONSTRAINT language_interns_language_id_fkey FOREIGN KEY (language_id) REFERENCES public.languages(id);


--
-- TOC entry 3456 (class 2606 OID 17210)
-- Name: mentor_reviews mentor_reviews_intern_id_fkey; Type: FK CONSTRAINT; Schema: public; Owner: hack_db_3kwr_user
--

ALTER TABLE ONLY public.mentor_reviews
    ADD CONSTRAINT mentor_reviews_intern_id_fkey FOREIGN KEY (intern_id) REFERENCES public.interns(id);


--
-- TOC entry 3457 (class 2606 OID 17205)
-- Name: mentor_reviews mentor_reviews_mentor_id_fkey; Type: FK CONSTRAINT; Schema: public; Owner: hack_db_3kwr_user
--

ALTER TABLE ONLY public.mentor_reviews
    ADD CONSTRAINT mentor_reviews_mentor_id_fkey FOREIGN KEY (mentor_id) REFERENCES public.mentors(id);


--
-- TOC entry 3419 (class 2606 OID 16771)
-- Name: mentors mentors_id_fkey; Type: FK CONSTRAINT; Schema: public; Owner: hack_db_3kwr_user
--

ALTER TABLE ONLY public.mentors
    ADD CONSTRAINT mentors_id_fkey FOREIGN KEY (id) REFERENCES public.users(id);


--
-- TOC entry 3420 (class 2606 OID 16776)
-- Name: mentors mentors_organization_id_fkey; Type: FK CONSTRAINT; Schema: public; Owner: hack_db_3kwr_user
--

ALTER TABLE ONLY public.mentors
    ADD CONSTRAINT mentors_organization_id_fkey FOREIGN KEY (organization_id) REFERENCES public.organizations(id);


--
-- TOC entry 3421 (class 2606 OID 16795)
-- Name: organization_reviews organization_reviews_intern_id_fkey; Type: FK CONSTRAINT; Schema: public; Owner: hack_db_3kwr_user
--

ALTER TABLE ONLY public.organization_reviews
    ADD CONSTRAINT organization_reviews_intern_id_fkey FOREIGN KEY (intern_id) REFERENCES public.interns(id);


--
-- TOC entry 3422 (class 2606 OID 16790)
-- Name: organization_reviews organization_reviews_organization_id_fkey; Type: FK CONSTRAINT; Schema: public; Owner: hack_db_3kwr_user
--

ALTER TABLE ONLY public.organization_reviews
    ADD CONSTRAINT organization_reviews_organization_id_fkey FOREIGN KEY (organization_id) REFERENCES public.organizations(id);


--
-- TOC entry 3409 (class 2606 OID 16697)
-- Name: organizations organizations_branch_id_fkey; Type: FK CONSTRAINT; Schema: public; Owner: hack_db_3kwr_user
--

ALTER TABLE ONLY public.organizations
    ADD CONSTRAINT organizations_branch_id_fkey FOREIGN KEY (branch_id) REFERENCES public.branchs(id);


--
-- TOC entry 3410 (class 2606 OID 16692)
-- Name: organizations organizations_training_direction_id_fkey; Type: FK CONSTRAINT; Schema: public; Owner: hack_db_3kwr_user
--

ALTER TABLE ONLY public.organizations
    ADD CONSTRAINT organizations_training_direction_id_fkey FOREIGN KEY (training_direction_id) REFERENCES public.training_directions(id);


--
-- TOC entry 3411 (class 2606 OID 16702)
-- Name: organizations organizations_type_id_fkey; Type: FK CONSTRAINT; Schema: public; Owner: hack_db_3kwr_user
--

ALTER TABLE ONLY public.organizations
    ADD CONSTRAINT organizations_type_id_fkey FOREIGN KEY (type_id) REFERENCES public.organization_types(id);


--
-- TOC entry 3393 (class 2606 OID 16474)
-- Name: permissions permissions_role_id_fkey; Type: FK CONSTRAINT; Schema: public; Owner: hack_db_3kwr_user
--

ALTER TABLE ONLY public.permissions
    ADD CONSTRAINT permissions_role_id_fkey FOREIGN KEY (role_id) REFERENCES public.roles(id);


--
-- TOC entry 3461 (class 2606 OID 17298)
-- Name: presences presences_intern_id_fkey; Type: FK CONSTRAINT; Schema: public; Owner: hack_db_3kwr_user
--

ALTER TABLE ONLY public.presences
    ADD CONSTRAINT presences_intern_id_fkey FOREIGN KEY (intern_id) REFERENCES public.interns(id);


--
-- TOC entry 3462 (class 2606 OID 17308)
-- Name: presences presences_mentor_id_fkey; Type: FK CONSTRAINT; Schema: public; Owner: hack_db_3kwr_user
--

ALTER TABLE ONLY public.presences
    ADD CONSTRAINT presences_mentor_id_fkey FOREIGN KEY (mentor_id) REFERENCES public.mentors(id);


--
-- TOC entry 3463 (class 2606 OID 17303)
-- Name: presences presences_vacancy_id_fkey; Type: FK CONSTRAINT; Schema: public; Owner: hack_db_3kwr_user
--

ALTER TABLE ONLY public.presences
    ADD CONSTRAINT presences_vacancy_id_fkey FOREIGN KEY (vacancy_id) REFERENCES public.vacancies(id);


--
-- TOC entry 3399 (class 2606 OID 16584)
-- Name: recoveries recoveries_user_id_fkey; Type: FK CONSTRAINT; Schema: public; Owner: hack_db_3kwr_user
--

ALTER TABLE ONLY public.recoveries
    ADD CONSTRAINT recoveries_user_id_fkey FOREIGN KEY (user_id) REFERENCES public.users(id);


--
-- TOC entry 3434 (class 2606 OID 16885)
-- Name: requirements requirements_vacancy_id_fkey; Type: FK CONSTRAINT; Schema: public; Owner: hack_db_3kwr_user
--

ALTER TABLE ONLY public.requirements
    ADD CONSTRAINT requirements_vacancy_id_fkey FOREIGN KEY (vacancy_id) REFERENCES public.vacancies(id);


--
-- TOC entry 3449 (class 2606 OID 17106)
-- Name: responses responses_response_status_id_fkey; Type: FK CONSTRAINT; Schema: public; Owner: hack_db_3kwr_user
--

ALTER TABLE ONLY public.responses
    ADD CONSTRAINT responses_response_status_id_fkey FOREIGN KEY (response_status_id) REFERENCES public.response_statuses(id);


--
-- TOC entry 3450 (class 2606 OID 17111)
-- Name: responses responses_selection_id_fkey; Type: FK CONSTRAINT; Schema: public; Owner: hack_db_3kwr_user
--

ALTER TABLE ONLY public.responses
    ADD CONSTRAINT responses_selection_id_fkey FOREIGN KEY (selection_id) REFERENCES public.selections(id);


--
-- TOC entry 3448 (class 2606 OID 17191)
-- Name: scholls scholls_intern_id_fkey; Type: FK CONSTRAINT; Schema: public; Owner: hack_db_3kwr_user
--

ALTER TABLE ONLY public.scholls
    ADD CONSTRAINT scholls_intern_id_fkey FOREIGN KEY (intern_id) REFERENCES public.interns(id) NOT VALID;


--
-- TOC entry 3454 (class 2606 OID 17173)
-- Name: selection_basic_tests selection_basic_tests_basic_test_id_fkey; Type: FK CONSTRAINT; Schema: public; Owner: hack_db_3kwr_user
--

ALTER TABLE ONLY public.selection_basic_tests
    ADD CONSTRAINT selection_basic_tests_basic_test_id_fkey FOREIGN KEY (basic_test_id) REFERENCES public.basic_tests(id);


--
-- TOC entry 3455 (class 2606 OID 17178)
-- Name: selection_basic_tests selection_basic_tests_selection_id_fkey; Type: FK CONSTRAINT; Schema: public; Owner: hack_db_3kwr_user
--

ALTER TABLE ONLY public.selection_basic_tests
    ADD CONSTRAINT selection_basic_tests_selection_id_fkey FOREIGN KEY (selection_id) REFERENCES public.selections(id);


--
-- TOC entry 3440 (class 2606 OID 17042)
-- Name: selections selections_intern_id_fkey; Type: FK CONSTRAINT; Schema: public; Owner: hack_db_3kwr_user
--

ALTER TABLE ONLY public.selections
    ADD CONSTRAINT selections_intern_id_fkey FOREIGN KEY (intern_id) REFERENCES public.interns(id);


--
-- TOC entry 3441 (class 2606 OID 17186)
-- Name: selections selections_school_id_fkey; Type: FK CONSTRAINT; Schema: public; Owner: hack_db_3kwr_user
--

ALTER TABLE ONLY public.selections
    ADD CONSTRAINT selections_school_id_fkey FOREIGN KEY (school_id) REFERENCES public.scholls(id) NOT VALID;


--
-- TOC entry 3442 (class 2606 OID 17037)
-- Name: selections selections_stage_id_fkey; Type: FK CONSTRAINT; Schema: public; Owner: hack_db_3kwr_user
--

ALTER TABLE ONLY public.selections
    ADD CONSTRAINT selections_stage_id_fkey FOREIGN KEY (stage_id) REFERENCES public.stages(id);


--
-- TOC entry 3443 (class 2606 OID 17032)
-- Name: selections selections_vacancy_id_fkey; Type: FK CONSTRAINT; Schema: public; Owner: hack_db_3kwr_user
--

ALTER TABLE ONLY public.selections
    ADD CONSTRAINT selections_vacancy_id_fkey FOREIGN KEY (vacancy_id) REFERENCES public.vacancies(id);


--
-- TOC entry 3415 (class 2606 OID 16746)
-- Name: skill_interns skill_interns_intern_id_fkey; Type: FK CONSTRAINT; Schema: public; Owner: hack_db_3kwr_user
--

ALTER TABLE ONLY public.skill_interns
    ADD CONSTRAINT skill_interns_intern_id_fkey FOREIGN KEY (intern_id) REFERENCES public.interns(id);


--
-- TOC entry 3416 (class 2606 OID 16741)
-- Name: skill_interns skill_interns_skill_id_fkey; Type: FK CONSTRAINT; Schema: public; Owner: hack_db_3kwr_user
--

ALTER TABLE ONLY public.skill_interns
    ADD CONSTRAINT skill_interns_skill_id_fkey FOREIGN KEY (skill_id) REFERENCES public.skills(id);


--
-- TOC entry 3430 (class 2606 OID 16844)
-- Name: skill_vacancies skill_vacancies_skill_id_fkey; Type: FK CONSTRAINT; Schema: public; Owner: hack_db_3kwr_user
--

ALTER TABLE ONLY public.skill_vacancies
    ADD CONSTRAINT skill_vacancies_skill_id_fkey FOREIGN KEY (skill_id) REFERENCES public.skills(id);


--
-- TOC entry 3431 (class 2606 OID 16849)
-- Name: skill_vacancies skill_vacancies_vacancy_id_fkey; Type: FK CONSTRAINT; Schema: public; Owner: hack_db_3kwr_user
--

ALTER TABLE ONLY public.skill_vacancies
    ADD CONSTRAINT skill_vacancies_vacancy_id_fkey FOREIGN KEY (vacancy_id) REFERENCES public.vacancies(id);


--
-- TOC entry 3458 (class 2606 OID 17234)
-- Name: tasks tasks_mentor_id_fkey; Type: FK CONSTRAINT; Schema: public; Owner: hack_db_3kwr_user
--

ALTER TABLE ONLY public.tasks
    ADD CONSTRAINT tasks_mentor_id_fkey FOREIGN KEY (mentor_id) REFERENCES public.mentors(id) NOT VALID;


--
-- TOC entry 3459 (class 2606 OID 17229)
-- Name: tasks tasks_training_direction_id_fkey; Type: FK CONSTRAINT; Schema: public; Owner: hack_db_3kwr_user
--

ALTER TABLE ONLY public.tasks
    ADD CONSTRAINT tasks_training_direction_id_fkey FOREIGN KEY (training_direction_id) REFERENCES public.training_directions(id);


--
-- TOC entry 3460 (class 2606 OID 17224)
-- Name: tasks tasks_vacancy_id_fkey; Type: FK CONSTRAINT; Schema: public; Owner: hack_db_3kwr_user
--

ALTER TABLE ONLY public.tasks
    ADD CONSTRAINT tasks_vacancy_id_fkey FOREIGN KEY (vacancy_id) REFERENCES public.vacancies(id);


--
-- TOC entry 3394 (class 2606 OID 16620)
-- Name: universities universities_city_id_fkey; Type: FK CONSTRAINT; Schema: public; Owner: hack_db_3kwr_user
--

ALTER TABLE ONLY public.universities
    ADD CONSTRAINT universities_city_id_fkey FOREIGN KEY (city_id) REFERENCES public.cities(id) NOT VALID;


--
-- TOC entry 3396 (class 2606 OID 16574)
-- Name: users users_citizenship_id_fkey; Type: FK CONSTRAINT; Schema: public; Owner: hack_db_3kwr_user
--

ALTER TABLE ONLY public.users
    ADD CONSTRAINT users_citizenship_id_fkey FOREIGN KEY (citizenship_id) REFERENCES public.citizenships(id);


--
-- TOC entry 3397 (class 2606 OID 16569)
-- Name: users users_city_id_fkey; Type: FK CONSTRAINT; Schema: public; Owner: hack_db_3kwr_user
--

ALTER TABLE ONLY public.users
    ADD CONSTRAINT users_city_id_fkey FOREIGN KEY (city_id) REFERENCES public.cities(id);


--
-- TOC entry 3398 (class 2606 OID 16564)
-- Name: users users_role_id_fkey; Type: FK CONSTRAINT; Schema: public; Owner: hack_db_3kwr_user
--

ALTER TABLE ONLY public.users
    ADD CONSTRAINT users_role_id_fkey FOREIGN KEY (role_id) REFERENCES public.roles(id);


--
-- TOC entry 3423 (class 2606 OID 16819)
-- Name: vacancies vacancies_employment_type_id_fkey; Type: FK CONSTRAINT; Schema: public; Owner: hack_db_3kwr_user
--

ALTER TABLE ONLY public.vacancies
    ADD CONSTRAINT vacancies_employment_type_id_fkey FOREIGN KEY (employment_type_id) REFERENCES public.employment_types(id);


--
-- TOC entry 3424 (class 2606 OID 16824)
-- Name: vacancies vacancies_hr_creater_id_fkey; Type: FK CONSTRAINT; Schema: public; Owner: hack_db_3kwr_user
--

ALTER TABLE ONLY public.vacancies
    ADD CONSTRAINT vacancies_hr_creater_id_fkey FOREIGN KEY (hr_creater_id) REFERENCES public.hrs(id);


--
-- TOC entry 3425 (class 2606 OID 16829)
-- Name: vacancies vacancies_mentor_id_fkey; Type: FK CONSTRAINT; Schema: public; Owner: hack_db_3kwr_user
--

ALTER TABLE ONLY public.vacancies
    ADD CONSTRAINT vacancies_mentor_id_fkey FOREIGN KEY (mentor_id) REFERENCES public.mentors(id);


--
-- TOC entry 3426 (class 2606 OID 16814)
-- Name: vacancies vacancies_organization_id_fkey; Type: FK CONSTRAINT; Schema: public; Owner: hack_db_3kwr_user
--

ALTER TABLE ONLY public.vacancies
    ADD CONSTRAINT vacancies_organization_id_fkey FOREIGN KEY (organization_id) REFERENCES public.organizations(id);


--
-- TOC entry 3427 (class 2606 OID 17246)
-- Name: vacancies vacancies_status_id_fkey; Type: FK CONSTRAINT; Schema: public; Owner: hack_db_3kwr_user
--

ALTER TABLE ONLY public.vacancies
    ADD CONSTRAINT vacancies_status_id_fkey FOREIGN KEY (status_id) REFERENCES public.vacancy_statuses(id) NOT VALID;


--
-- TOC entry 3428 (class 2606 OID 16834)
-- Name: vacancies vacancies_work_experience_id_fkey; Type: FK CONSTRAINT; Schema: public; Owner: hack_db_3kwr_user
--

ALTER TABLE ONLY public.vacancies
    ADD CONSTRAINT vacancies_work_experience_id_fkey FOREIGN KEY (work_experience_id) REFERENCES public.work_experiences(id);


--
-- TOC entry 3429 (class 2606 OID 16809)
-- Name: vacancies vacancies_work_schedule_id_fkey; Type: FK CONSTRAINT; Schema: public; Owner: hack_db_3kwr_user
--

ALTER TABLE ONLY public.vacancies
    ADD CONSTRAINT vacancies_work_schedule_id_fkey FOREIGN KEY (work_schedule_id) REFERENCES public.work_schedules(id);


--
-- TOC entry 3435 (class 2606 OID 16904)
-- Name: vacancy_reviews vacancy_reviews_intern_id_fkey; Type: FK CONSTRAINT; Schema: public; Owner: hack_db_3kwr_user
--

ALTER TABLE ONLY public.vacancy_reviews
    ADD CONSTRAINT vacancy_reviews_intern_id_fkey FOREIGN KEY (intern_id) REFERENCES public.interns(id);


--
-- TOC entry 3436 (class 2606 OID 16899)
-- Name: vacancy_reviews vacancy_reviews_vacancy_id_fkey; Type: FK CONSTRAINT; Schema: public; Owner: hack_db_3kwr_user
--

ALTER TABLE ONLY public.vacancy_reviews
    ADD CONSTRAINT vacancy_reviews_vacancy_id_fkey FOREIGN KEY (vacancy_id) REFERENCES public.vacancies(id);


--
-- TOC entry 3706 (class 0 OID 0)
-- Dependencies: 3
-- Name: SCHEMA public; Type: ACL; Schema: -; Owner: hack_db_3kwr_user
--

REVOKE ALL ON SCHEMA public FROM postgres;
REVOKE ALL ON SCHEMA public FROM PUBLIC;
GRANT ALL ON SCHEMA public TO hack_db_3kwr_user;
GRANT ALL ON SCHEMA public TO PUBLIC;


--
-- TOC entry 2280 (class 826 OID 16391)
-- Name: DEFAULT PRIVILEGES FOR SEQUENCES; Type: DEFAULT ACL; Schema: -; Owner: postgres
--

ALTER DEFAULT PRIVILEGES FOR ROLE postgres GRANT ALL ON SEQUENCES  TO hack_db_3kwr_user;


--
-- TOC entry 2282 (class 826 OID 16393)
-- Name: DEFAULT PRIVILEGES FOR TYPES; Type: DEFAULT ACL; Schema: -; Owner: postgres
--

ALTER DEFAULT PRIVILEGES FOR ROLE postgres GRANT ALL ON TYPES  TO hack_db_3kwr_user;


--
-- TOC entry 2281 (class 826 OID 16392)
-- Name: DEFAULT PRIVILEGES FOR FUNCTIONS; Type: DEFAULT ACL; Schema: -; Owner: postgres
--

ALTER DEFAULT PRIVILEGES FOR ROLE postgres GRANT ALL ON FUNCTIONS  TO hack_db_3kwr_user;


--
-- TOC entry 2279 (class 826 OID 16390)
-- Name: DEFAULT PRIVILEGES FOR TABLES; Type: DEFAULT ACL; Schema: -; Owner: postgres
--

ALTER DEFAULT PRIVILEGES FOR ROLE postgres GRANT ALL ON TABLES  TO hack_db_3kwr_user;


-- Completed on 2023-05-28 23:36:16

--
-- PostgreSQL database dump complete
--

